Date,Price,Inflation,USD
2010-01-01,50606.80,11.9894,45.73
2010-01-04,51919.84,11.9894,45.73
2010-01-05,51944.69,11.9894,45.73
2010-01-06,51816.15,11.9894,45.73
2010-01-07,51680.67,11.9894,45.73
2010-01-08,51554.43,11.9894,45.73
2010-01-11,52271.25,11.9894,45.73
2010-01-12,52629.39,11.9894,45.73
2010-01-13,51408.23,11.9894,45.73
2010-01-14,51926.96,11.9894,45.73
2010-01-15,51645.47,11.9894,45.73
2010-01-18,51778.58,11.9894,45.73
2010-01-19,51880.06,11.9894,45.73
2010-01-20,51464.27,11.9894,45.73
2010-01-21,51023.82,11.9894,45.73
2010-01-22,49972.39,11.9894,45.73
2010-01-25,50518.41,11.9894,45.73
2010-01-26,50426.16,11.9894,45.73
2010-01-27,50763.55,11.9894,45.73
2010-01-28,50434.24,11.9894,45.73
2010-01-29,49794.34,11.9894,45.73
2010-02-01,50386.44,11.9894,45.73
2010-02-02,51344.86,11.9894,45.73
2010-02-03,51273.61,11.9894,45.73
2010-02-04,50105.72,11.9894,45.73
2010-02-05,49435.04,11.9894,45.73
2010-02-08,49800.51,11.9894,45.73
2010-02-09,49979.17,11.9894,45.73
2010-02-10,49721.04,11.9894,45.73
2010-02-11,49964.89,11.9894,45.73
2010-02-12,50231.84,11.9894,45.73
2010-02-15,50876.43,11.9894,45.73
2010-02-16,51535.69,11.9894,45.73
2010-02-17,51591.49,11.9894,45.73
2010-02-18,51735.44,11.9894,45.73
2010-02-19,51525.88,11.9894,45.73
2010-02-22,51541.27,11.9894,45.73
2010-02-23,51193.21,11.9894,45.73
2010-02-24,51107.50,11.9894,45.73
2010-02-25,50790.27,11.9894,45.73
2010-02-26,51095.86,11.9894,45.73
2010-03-01,51360.97,11.9894,45.73
2010-03-02,51835.90,11.9894,45.73
2010-03-03,52080.11,11.9894,45.73
2010-03-04,51977.10,11.9894,45.73
2010-03-05,51761.67,11.9894,45.73
2010-03-08,51249.76,11.9894,45.73
2010-03-09,50906.09,11.9894,45.73
2010-03-10,50848.28,11.9894,45.73
2010-03-11,50358.95,11.9894,45.73
2010-03-12,50262.47,11.9894,45.73
2010-03-15,50337.23,11.9894,45.73
2010-03-16,51215.48,11.9894,45.73
2010-03-17,50826.49,11.9894,45.73
2010-03-18,51028.98,11.9894,45.73
2010-03-19,50305.77,11.9894,45.73
2010-03-22,50023.62,11.9894,45.73
2010-03-23,50225.63,11.9894,45.73
2010-03-24,49735.46,11.9894,45.73
2010-03-25,49736.95,11.9894,45.73
2010-03-26,49600.16,11.9894,45.73
2010-03-29,49793.19,11.9894,45.73
2010-03-30,49914.63,11.9894,45.73
2010-03-31,50080.36,11.9894,45.73
2010-04-01,50439.52,11.9894,45.73
2010-04-02,50439.52,11.9894,45.73
2010-04-05,49928.33,11.9894,45.73
2010-04-06,50356.39,11.9894,45.73
2010-04-07,50870.39,11.9894,45.73
2010-04-08,51040.07,11.9894,45.73
2010-04-09,51038.45,11.9894,45.73
2010-04-12,51512.22,11.9894,45.73
2010-04-13,51068.41,11.9894,45.73
2010-04-14,51313.02,11.9894,45.73
2010-04-15,51305.97,11.9894,45.73
2010-04-16,51034.47,11.9894,45.73
2010-04-19,50830.13,11.9894,45.73
2010-04-20,50935.65,11.9894,45.73
2010-04-21,50926.36,11.9894,45.73
2010-04-22,50491.54,11.9894,45.73
2010-04-23,50627.98,11.9894,45.73
2010-04-26,51254.01,11.9894,45.73
2010-04-27,51089.52,11.9894,45.73
2010-04-28,51832.83,11.9894,45.73
2010-04-29,51943.70,11.9894,45.73
2010-04-30,52311.51,11.9894,45.73
2010-05-03,52500.20,11.9894,45.73
2010-05-04,52868.76,11.9894,45.73
2010-05-05,52355.09,11.9894,45.73
2010-05-06,53703.67,11.9894,45.73
2010-05-07,54678.32,11.9894,45.73
2010-05-10,53663.01,11.9894,45.73
2010-05-11,55354.80,11.9894,45.73
2010-05-12,55829.80,11.9894,45.73
2010-05-13,55780.31,11.9894,45.73
2010-05-14,55908.34,11.9894,45.73
2010-05-17,56380.13,11.9894,45.73
2010-05-18,55477.70,11.9894,45.73
2010-05-19,55406.16,11.9894,45.73
2010-05-20,55803.46,11.9894,45.73
2010-05-21,55383.35,11.9894,45.73
2010-05-24,55759.31,11.9894,45.73
2010-05-25,57162.50,11.9894,45.73
2010-05-26,57321.54,11.9894,45.73
2010-05-27,57274.24,11.9894,45.73
2010-05-28,55961.57,11.9894,45.73
2010-05-31,55985.73,11.9894,45.73
2010-06-01,57894.55,11.9894,45.73
2010-06-02,57086.76,11.9894,45.73
2010-06-03,56691.89,11.9894,45.73
2010-06-04,56389.99,11.9894,45.73
2010-06-07,57214.35,11.9894,45.73
2010-06-08,58474.77,11.9894,45.73
2010-06-09,57993.00,11.9894,45.73
2010-06-10,57167.70,11.9894,45.73
2010-06-11,57132.58,11.9894,45.73
2010-06-14,56898.25,11.9894,45.73
2010-06-15,57029.87,11.9894,45.73
2010-06-16,57496.83,11.9894,45.73
2010-06-17,57649.72,11.9894,45.73
2010-06-18,57958.11,11.9894,45.73
2010-06-21,57399.63,11.9894,45.73
2010-06-22,57158.81,11.9894,45.73
2010-06-23,56633.62,11.9894,45.73
2010-06-24,57479.44,11.9894,45.73
2010-06-25,58028.84,11.9894,45.73
2010-06-28,58264.49,11.9894,45.73
2010-06-29,57385.71,11.9894,45.73
2010-06-30,57777.57,11.9894,45.73
2010-07-01,57485.88,11.9894,45.73
2010-07-02,56188.15,11.9894,45.73
2010-07-05,56504.19,11.9894,45.73
2010-07-06,56051.47,11.9894,45.73
2010-07-07,56106.60,11.9894,45.73
2010-07-08,55927.39,11.9894,45.73
2010-07-09,56406.31,11.9894,45.73
2010-07-12,56375.21,11.9894,45.73
2010-07-13,56841.91,11.9894,45.73
2010-07-14,56366.90,11.9894,45.73
2010-07-15,56310.91,11.9894,45.73
2010-07-16,55633.11,11.9894,45.73
2010-07-19,55642.80,11.9894,45.73
2010-07-20,56020.96,11.9894,45.73
2010-07-21,56197.09,11.9894,45.73
2010-07-22,56526.44,11.9894,45.73
2010-07-23,55876.11,11.9894,45.73
2010-07-26,55683.66,11.9894,45.73
2010-07-27,54493.04,11.9894,45.73
2010-07-28,54101.31,11.9894,45.73
2010-07-29,54099.83,11.9894,45.73
2010-07-30,54247.44,11.9894,45.73
2010-08-02,54962.18,11.9894,45.73
2010-08-03,54820.93,11.9894,45.73
2010-08-04,55374.91,11.9894,45.73
2010-08-05,55075.61,11.9894,45.73
2010-08-06,55743.70,11.9894,45.73
2010-08-09,55488.38,11.9894,45.73
2010-08-10,55337.96,11.9894,45.73
2010-08-11,56302.86,11.9894,45.73
2010-08-12,56732.00,11.9894,45.73
2010-08-13,56784.40,11.9894,45.73
2010-08-16,57259.79,11.9894,45.73
2010-08-17,57186.76,11.9894,45.73
2010-08-18,56716.15,11.9894,45.73
2010-08-19,57437.91,11.9894,45.73
2010-08-20,57106.85,11.9894,45.73
2010-08-23,57217.42,11.9894,45.73
2010-08-24,57348.45,11.9894,45.73
2010-08-25,58044.94,11.9894,45.73
2010-08-26,57947.25,11.9894,45.73
2010-08-27,57933.84,11.9894,45.73
2010-08-30,57946.20,11.9894,45.73
2010-08-31,58611.83,11.9894,45.73
2010-09-01,58348.66,11.9894,45.73
2010-09-02,58336.15,11.9894,45.73
2010-09-03,57801.08,11.9894,45.73
2010-09-06,58115.97,11.9894,45.73
2010-09-07,58859.88,11.9894,45.73
2010-09-08,58546.37,11.9894,45.73
2010-09-09,58313.57,11.9894,45.73
2010-09-10,57918.62,11.9894,45.73
2010-09-13,57703.77,11.9894,45.73
2010-09-14,58782.47,11.9894,45.73
2010-09-15,58712.78,11.9894,45.73
2010-09-16,58719.50,11.9894,45.73
2010-09-17,58457.48,11.9894,45.73
2010-09-20,58455.32,11.9894,45.73
2010-09-21,58238.80,11.9894,45.73
2010-09-22,58964.19,11.9894,45.73
2010-09-23,58916.27,11.9894,45.73
2010-09-24,58695.72,11.9894,45.73
2010-09-27,58377.96,11.9894,45.73
2010-09-28,58430.57,11.9894,45.73
2010-09-29,58752.51,11.9894,45.73
2010-09-30,58730.04,11.9894,45.73
2010-10-01,58540.21,11.9894,45.73
2010-10-04,58555.81,11.9894,45.73
2010-10-05,59420.11,11.9894,45.73
2010-10-06,59912.51,11.9894,45.73
2010-10-07,59449.00,11.9894,45.73
2010-10-08,59596.12,11.9894,45.73
2010-10-11,60026.86,11.9894,45.73
2010-10-12,60230.74,11.9894,45.73
2010-10-13,60785.23,11.9894,45.73
2010-10-14,60567.19,11.9894,45.73
2010-10-15,60327.25,11.9894,45.73
2010-10-18,60658.03,11.9894,45.73
2010-10-19,59391.34,11.9894,45.73
2010-10-20,59377.94,11.9894,45.73
2010-10-21,59517.03,11.9894,45.73
2010-10-22,58970.27,11.9894,45.73
2010-10-25,59324.81,11.9894,45.73
2010-10-26,59082.96,11.9894,45.73
2010-10-27,58874.02,11.9894,45.73
2010-10-28,59380.75,11.9894,45.73
2010-10-29,59829.35,11.9894,45.73
2010-11-01,60234.60,11.9894,45.73
2010-11-02,59943.86,11.9894,45.73
2010-11-03,59679.65,11.9894,45.73
2010-11-04,61060.91,11.9894,45.73
2010-11-05,61702.03,11.9894,45.73
2010-11-08,61684.10,11.9894,45.73
2010-11-09,62971.60,11.9894,45.73
2010-11-10,61606.09,11.9894,45.73
2010-11-11,61974.51,11.9894,45.73
2010-11-12,62124.95,11.9894,45.73
2010-11-15,61897.25,11.9894,45.73
2010-11-16,61129.92,11.9894,45.73
2010-11-17,60608.80,11.9894,45.73
2010-11-18,61065.04,11.9894,45.73
2010-11-19,60808.54,11.9894,45.73
2010-11-22,61598.65,11.9894,45.73
2010-11-23,62776.11,11.9894,45.73
2010-11-24,62723.25,11.9894,45.73
2010-11-25,62510.32,11.9894,45.73
2010-11-26,62119.96,11.9894,45.73
2010-11-29,62333.79,11.9894,45.73
2010-11-30,63481.89,11.9894,45.73
2010-12-01,62867.06,11.9894,45.73
2010-12-02,62893.92,11.9894,45.73
2010-12-03,63311.86,11.9894,45.73
2010-12-06,63636.71,11.9894,45.73
2010-12-07,63395.88,11.9894,45.73
2010-12-08,62458.32,11.9894,45.73
2010-12-09,62905.36,11.9894,45.73
2010-12-10,61961.88,11.9894,45.73
2010-12-13,63136.86,11.9894,45.73
2010-12-14,62682.77,11.9894,45.73
2010-12-15,63049.24,11.9894,45.73
2010-12-16,61805.22,11.9894,45.73
2010-12-17,62054.61,11.9894,45.73
2010-12-20,62755.49,11.9894,45.73
2010-12-21,62553.08,11.9894,45.73
2010-12-22,62539.82,11.9894,45.73
2010-12-23,62034.12,11.9894,45.73
2010-12-24,61992.92,11.9894,45.73
2010-12-27,62144.00,11.9894,45.73
2010-12-28,61937.96,11.9894,45.73
2010-12-29,63626.06,11.9894,45.73
2010-12-30,63184.23,11.9894,45.73
2010-12-31,62846.93,11.9894,45.73
2011-01-03,62860.97,8.8584,46.67
2011-01-04,62461.65,8.8584,46.67
2011-01-05,62004.60,8.8584,46.67
2011-01-06,61917.78,8.8584,46.67
2011-01-07,62041.29,8.8584,46.67
2011-01-10,62186.96,8.8584,46.67
2011-01-11,62077.31,8.8584,46.67
2011-01-12,62229.87,8.8584,46.67
2011-01-13,62499.05,8.8584,46.67
2011-01-14,62041.29,8.8584,46.67
2011-01-17,61929.95,8.8584,46.67
2011-01-18,62182.15,8.8584,46.67
2011-01-19,62364.24,8.8584,46.67
2011-01-20,61267.33,8.8584,46.67
2011-01-21,61290.46,8.8584,46.67
2011-01-24,61368.37,8.8584,46.67
2011-01-25,60506.80,8.8584,46.67
2011-01-26,60689.60,8.8584,46.67
2011-01-27,60873.20,8.8584,46.67
2011-01-28,60364.03,8.8584,46.67
2011-01-31,60922.55,8.8584,46.67
2011-02-01,60936.10,8.8584,46.67
2011-02-02,61000.63,8.8584,46.67
2011-02-03,60576.71,8.8584,46.67
2011-02-04,61781.21,8.8584,46.67
2011-02-07,61284.29,8.8584,46.67
2011-02-08,61759.73,8.8584,46.67
2011-02-09,62080.19,8.8584,46.67
2011-02-10,61884.12,8.8584,46.67
2011-02-11,62314.34,8.8584,46.67
2011-02-14,62107.50,8.8584,46.67
2011-02-15,62473.85,8.8584,46.67
2011-02-16,62405.58,8.8584,46.67
2011-02-17,62523.85,8.8584,46.67
2011-02-18,62541.10,8.8584,46.67
2011-02-21,63120.96,8.8584,46.67
2011-02-22,63416.26,8.8584,46.67
2011-02-23,63599.44,8.8584,46.67
2011-02-24,64187.95,8.8584,46.67
2011-02-25,63568.31,8.8584,46.67
2011-02-28,63868.91,8.8584,46.67
2011-03-01,63855.60,8.8584,46.67
2011-03-02,64518.54,8.8584,46.67
2011-03-03,64024.35,8.8584,46.67
2011-03-04,64193.57,8.8584,46.67
2011-03-07,64759.36,8.8584,46.67
2011-03-08,64295.33,8.8584,46.67
2011-03-09,64402.14,8.8584,46.67
2011-03-10,63843.55,8.8584,46.67
2011-03-11,63863.31,8.8584,46.67
2011-03-14,64093.68,8.8584,46.67
2011-03-15,63365.62,8.8584,46.67
2011-03-16,63251.22,8.8584,46.67
2011-03-17,63421.41,8.8584,46.67
2011-03-18,64070.39,8.8584,46.67
2011-03-21,64454.31,8.8584,46.67
2011-03-22,64120.08,8.8584,46.67
2011-03-23,64561.56,8.8584,46.67
2011-03-24,64753.25,8.8584,46.67
2011-03-25,64146.12,8.8584,46.67
2011-03-28,63531.18,8.8584,46.67
2011-03-29,63440.20,8.8584,46.67
2011-03-30,63791.13,8.8584,46.67
2011-03-31,64172.18,8.8584,46.67
2011-04-01,63235.69,8.8584,46.67
2011-04-04,64016.10,8.8584,46.67
2011-04-05,63683.22,8.8584,46.67
2011-04-06,64547.14,8.8584,46.67
2011-04-07,64517.18,8.8584,46.67
2011-04-08,64760.85,8.8584,46.67
2011-04-11,65164.52,8.8584,46.67
2011-04-12,64387.69,8.8584,46.67
2011-04-13,64866.02,8.8584,46.67
2011-04-14,65233.19,8.8584,46.67
2011-04-15,65464.31,8.8584,46.67
2011-04-18,66371.30,8.8584,46.67
2011-04-19,66304.87,8.8584,46.67
2011-04-20,66531.82,8.8584,46.67
2011-04-21,66747.50,8.8584,46.67
2011-04-22,66747.50,8.8584,46.67
2011-04-25,66905.42,8.8584,46.67
2011-04-26,66661.21,8.8584,46.67
2011-04-27,67141.28,8.8584,46.67
2011-04-28,68229.94,8.8584,46.67
2011-04-29,67892.13,8.8584,46.67
2011-05-02,68076.38,8.8584,46.67
2011-05-03,68560.37,8.8584,46.67
2011-05-04,68520.56,8.8584,46.67
2011-05-05,67639.91,8.8584,46.67
2011-05-06,66580.33,8.8584,46.67
2011-05-09,67124.36,8.8584,46.67
2011-05-10,67736.68,8.8584,46.67
2011-05-11,67384.98,8.8584,46.67
2011-05-12,67008.86,8.8584,46.67
2011-05-13,67555.46,8.8584,46.67
2011-05-16,67766.36,8.8584,46.67
2011-05-17,66761.67,8.8584,46.67
2011-05-18,67439.75,8.8584,46.67
2011-05-19,67147.66,8.8584,46.67
2011-05-20,67068.83,8.8584,46.67
2011-05-23,68319.91,8.8584,46.67
2011-05-24,69043.30,8.8584,46.67
2011-05-25,69200.17,8.8584,46.67
2011-05-26,68795.63,8.8584,46.67
2011-05-27,69237.93,8.8584,46.67
2011-05-30,69099.97,8.8584,46.67
2011-05-31,69211.64,8.8584,46.67
2011-06-01,68781.00,8.8584,46.67
2011-06-02,69008.08,8.8584,46.67
2011-06-03,68999.69,8.8584,46.67
2011-06-06,69325.48,8.8584,46.67
2011-06-07,69022.86,8.8584,46.67
2011-06-08,68752.79,8.8584,46.67
2011-06-09,68791.22,8.8584,46.67
2011-06-10,68395.69,8.8584,46.67
2011-06-13,68475.19,8.8584,46.67
2011-06-14,67835.31,8.8584,46.67
2011-06-15,68496.46,8.8584,46.67
2011-06-16,68401.54,8.8584,46.67
2011-06-17,68979.92,8.8584,46.67
2011-06-20,69480.00,8.8584,46.67
2011-06-21,69283.96,8.8584,46.67
2011-06-22,69687.84,8.8584,46.67
2011-06-23,68466.44,8.8584,46.67
2011-06-24,68156.17,8.8584,46.67
2011-06-27,67462.41,8.8584,46.67
2011-06-28,67514.95,8.8584,46.67
2011-06-29,67480.63,8.8584,46.67
2011-06-30,67299.61,8.8584,46.67
2011-07-01,66115.83,8.8584,46.67
2011-07-04,66422.84,8.8584,46.67
2011-07-05,67036.43,8.8584,46.67
2011-07-06,67932.07,8.8584,46.67
2011-07-07,67866.81,8.8584,46.67
2011-07-08,68334.67,8.8584,46.67
2011-07-11,69196.39,8.8584,46.67
2011-07-12,69315.08,8.8584,46.67
2011-07-13,70304.97,8.8584,46.67
2011-07-14,70777.25,8.8584,46.67
2011-07-15,70645.30,8.8584,46.67
2011-07-18,71267.42,8.8584,46.67
2011-07-19,71236.49,8.8584,46.67
2011-07-20,70497.70,8.8584,46.67
2011-07-21,71252.49,8.8584,46.67
2011-07-22,71056.70,8.8584,46.67
2011-07-25,71639.39,8.8584,46.67
2011-07-26,71251.28,8.8584,46.67
2011-07-27,71638.11,8.8584,46.67
2011-07-28,71123.06,8.8584,46.67
2011-07-29,71963.39,8.8584,46.67
2011-08-01,71541.82,8.8584,46.67
2011-08-02,72511.37,8.8584,46.67
2011-08-03,73972.79,8.8584,46.67
2011-08-04,74813.32,8.8584,46.67
2011-08-05,74204.16,8.8584,46.67
2011-08-08,76134.19,8.8584,46.67
2011-08-09,78484.55,8.8584,46.67
2011-08-10,80191.84,8.8584,46.67
2011-08-11,79930.39,8.8584,46.67
2011-08-12,78718.90,8.8584,46.67
2011-08-15,78854.93,8.8584,46.67
2011-08-16,80898.75,8.8584,46.67
2011-08-17,81283.88,8.8584,46.67
2011-08-18,83438.87,8.8584,46.67
2011-08-19,84536.75,8.8584,46.67
2011-08-22,85736.02,8.8584,46.67
2011-08-23,85601.86,8.8584,46.67
2011-08-24,81437.69,8.8584,46.67
2011-08-25,79611.80,8.8584,46.67
2011-08-26,82534.06,8.8584,46.67
2011-08-29,82337.38,8.8584,46.67
2011-08-30,84041.23,8.8584,46.67
2011-08-31,83511.65,8.8584,46.67
2011-09-01,83857.03,8.8584,46.67
2011-09-02,85858.30,8.8584,46.67
2011-09-05,87155.77,8.8584,46.67
2011-09-06,87378.42,8.8584,46.67
2011-09-07,83558.64,8.8584,46.67
2011-09-08,85682.43,8.8584,46.67
2011-09-09,86187.19,8.8584,46.67
2011-09-12,86601.45,8.8584,46.67
2011-09-13,86622.87,8.8584,46.67
2011-09-14,86633.34,8.8584,46.67
2011-09-15,84751.92,8.8584,46.67
2011-09-16,84793.41,8.8584,46.67
2011-09-19,85771.14,8.8584,46.67
2011-09-20,86450.93,8.8584,46.67
2011-09-21,86655.67,8.8584,46.67
2011-09-22,85368.14,8.8584,46.67
2011-09-23,83495.71,8.8584,46.67
2011-09-26,79021.10,8.8584,46.67
2011-09-27,81407.12,8.8584,46.67
2011-09-28,80104.45,8.8584,46.67
2011-09-29,78996.66,8.8584,46.67
2011-09-30,79339.49,8.8584,46.67
2011-10-03,81376.10,8.8584,46.67
2011-10-04,80925.39,8.8584,46.67
2011-10-05,79790.84,8.8584,46.67
2011-10-06,80679.05,8.8584,46.67
2011-10-07,81204.06,8.8584,46.67
2011-10-10,81347.46,8.8584,46.67
2011-10-11,82052.41,8.8584,46.67
2011-10-12,82342.29,8.8584,46.67
2011-10-13,81351.00,8.8584,46.67
2011-10-14,82247.17,8.8584,46.67
2011-10-17,82342.29,8.8584,46.67
2011-10-18,80400.14,8.8584,46.67
2011-10-19,81236.88,8.8584,46.67
2011-10-20,80688.14,8.8584,46.67
2011-10-21,82166.05,8.8584,46.67
2011-10-24,82310.90,8.8584,46.67
2011-10-25,81980.26,8.8584,46.67
2011-10-26,84901.06,8.8584,46.67
2011-10-27,85049.57,8.8584,46.67
2011-10-28,84882.44,8.8584,46.67
2011-10-31,83852.78,8.8584,46.67
2011-11-01,83718.21,8.8584,46.67
2011-11-02,85729.45,8.8584,46.67
2011-11-03,86396.89,8.8584,46.67
2011-11-04,85884.64,8.8584,46.67
2011-11-07,87505.10,8.8584,46.67
2011-11-08,88816.59,8.8584,46.67
2011-11-09,89521.11,8.8584,46.67
2011-11-10,88116.07,8.8584,46.67
2011-11-11,88871.63,8.8584,46.67
2011-11-14,89315.03,8.8584,46.67
2011-11-15,90437.01,8.8584,46.67
2011-11-16,89108.21,8.8584,46.67
2011-11-17,88710.65,8.8584,46.67
2011-11-18,88253.45,8.8584,46.67
2011-11-21,88776.30,8.8584,46.67
2011-11-22,88853.43,8.8584,46.67
2011-11-23,88025.55,8.8584,46.67
2011-11-24,88128.46,8.8584,46.67
2011-11-25,88198.77,8.8584,46.67
2011-11-28,89059.43,8.8584,46.67
2011-11-29,89326.91,8.8584,46.67
2011-11-30,91149.91,8.8584,46.67
2011-12-01,90166.67,8.8584,46.67
2011-12-02,89448.58,8.8584,46.67
2011-12-05,89663.38,8.8584,46.67
2011-12-06,87812.53,8.8584,46.67
2011-12-07,89760.04,8.8584,46.67
2011-12-08,88759.81,8.8584,46.67
2011-12-09,88927.80,8.8584,46.67
2011-12-12,87696.25,8.8584,46.67
2011-12-13,89018.80,8.8584,46.67
2011-12-14,86097.12,8.8584,46.67
2011-12-15,84437.21,8.8584,46.67
2011-12-16,84019.73,8.8584,46.67
2011-12-19,84358.41,8.8584,46.67
2011-12-20,85313.81,8.8584,46.67
2011-12-21,84436.07,8.8584,46.67
2011-12-22,84702.70,8.8584,46.67
2011-12-23,85086.26,8.8584,46.67
2011-12-26,85086.26,8.8584,46.67
2011-12-27,85192.69,8.8584,46.67
2011-12-28,83239.41,8.8584,46.67
2011-12-29,81227.19,8.8584,46.67
2011-12-30,81303.75,8.8584,46.67
2012-01-02,81303.75,9.3124,53.44
2012-01-03,85037.56,9.3124,53.44
2012-01-04,85416.39,9.3124,53.44
2012-01-05,84722.99,9.3124,53.44
2012-01-06,85221.86,9.3124,53.44
2012-01-09,84795.56,9.3124,53.44
2012-01-10,84641.06,9.3124,53.44
2012-01-11,84838.72,9.3124,53.44
2012-01-12,85715.90,9.3124,53.44
2012-01-13,84285.47,9.3124,53.44
2012-01-16,84289.95,9.3124,53.44
2012-01-17,84017.14,9.3124,53.44
2012-01-18,82975.84,9.3124,53.44
2012-01-19,83172.01,9.3124,53.44
2012-01-20,83187.22,9.3124,53.44
2012-01-23,83938.34,9.3124,53.44
2012-01-24,83399.91,9.3124,53.44
2012-01-25,82689.73,9.3124,53.44
2012-01-26,86548.59,9.3124,53.44
2012-01-27,85109.06,9.3124,53.44
2012-01-30,86095.55,9.3124,53.44
2012-01-31,86232.07,9.3124,53.44
2012-02-01,85729.78,9.3124,53.44
2012-02-02,86070.40,9.3124,53.44
2012-02-03,84428.44,9.3124,53.44
2012-02-06,84334.14,9.3124,53.44
2012-02-07,84829.40,9.3124,53.44
2012-02-08,85824.63,9.3124,53.44
2012-02-09,86530.35,9.3124,53.44
2012-02-10,84556.66,9.3124,53.44
2012-02-13,84615.39,9.3124,53.44
2012-02-14,85006.51,9.3124,53.44
2012-02-15,85419.56,9.3124,53.44
2012-02-16,84433.76,9.3124,53.44
2012-02-17,84900.81,9.3124,53.44
2012-02-20,85393.56,9.3124,53.44
2012-02-21,86193.88,9.3124,53.44
2012-02-22,86242.18,9.3124,53.44
2012-02-23,87419.50,9.3124,53.44
2012-02-24,86981.96,9.3124,53.44
2012-02-27,87226.68,9.3124,53.44
2012-02-28,87402.57,9.3124,53.44
2012-02-29,86747.69,9.3124,53.44
2012-03-01,84354.50,9.3124,53.44
2012-03-02,84505.02,9.3124,53.44
2012-03-05,84977.19,9.3124,53.44
2012-03-06,84059.17,9.3124,53.44
2012-03-07,84353.07,9.3124,53.44
2012-03-08,84981.63,9.3124,53.44
2012-03-09,84113.41,9.3124,53.44
2012-03-12,84832.55,9.3124,53.44
2012-03-13,84373.23,9.3124,53.44
2012-03-14,82072.73,9.3124,53.44
2012-03-15,83034.47,9.3124,53.44
2012-03-16,83206.73,9.3124,53.44
2012-03-19,83465.43,9.3124,53.44
2012-03-20,83491.90,9.3124,53.44
2012-03-21,83559.24,9.3124,53.44
2012-03-22,83696.69,9.3124,53.44
2012-03-23,85155.18,9.3124,53.44
2012-03-26,86247.21,9.3124,53.44
2012-03-27,85894.38,9.3124,53.44
2012-03-28,85199.45,9.3124,53.44
2012-03-29,85087.75,9.3124,53.44
2012-03-30,84696.05,9.3124,53.44
2012-04-02,85460.22,9.3124,53.44
2012-04-03,84969.09,9.3124,53.44
2012-04-04,82792.57,9.3124,53.44
2012-04-05,83303.32,9.3124,53.44
2012-04-06,83303.32,9.3124,53.44
2012-04-09,83662.14,9.3124,53.44
2012-04-10,84444.04,9.3124,53.44
2012-04-11,85287.50,9.3124,53.44
2012-04-12,85886.02,9.3124,53.44
2012-04-13,85708.08,9.3124,53.44
2012-04-16,85418.75,9.3124,53.44
2012-04-17,84334.54,9.3124,53.44
2012-04-18,85035.88,9.3124,53.44
2012-04-19,85791.74,9.3124,53.44
2012-04-20,85513.92,9.3124,53.44
2012-04-23,85587.65,9.3124,53.44
2012-04-24,87044.10,9.3124,53.44
2012-04-25,86153.83,9.3124,53.44
2012-04-26,86866.60,9.3124,53.44
2012-04-27,87433.56,9.3124,53.44
2012-04-30,87020.87,9.3124,53.44
2012-05-01,87692.79,9.3124,53.44
2012-05-02,87319.26,9.3124,53.44
2012-05-03,87529.54,9.3124,53.44
2012-05-04,88047.45,9.3124,53.44
2012-05-07,86962.59,9.3124,53.44
2012-05-08,85293.05,9.3124,53.44
2012-05-09,85003.98,9.3124,53.44
2012-05-10,85335.91,9.3124,53.44
2012-05-11,84777.55,9.3124,53.44
2012-05-14,83917.41,9.3124,53.44
2012-05-15,83747.47,9.3124,53.44
2012-05-16,84373.87,9.3124,53.44
2012-05-17,84778.46,9.3124,53.44
2012-05-18,86588.00,9.3124,53.44
2012-05-21,87547.67,9.3124,53.44
2012-05-22,87733.78,9.3124,53.44
2012-05-23,86887.28,9.3124,53.44
2012-05-24,87490.93,9.3124,53.44
2012-05-25,86958.15,9.3124,53.44
2012-05-28,86886.41,9.3124,53.44
2012-05-29,88159.77,9.3124,53.44
2012-05-30,86432.50,9.3124,53.44
2012-05-31,87493.36,9.3124,53.44
2012-06-01,89759.34,9.3124,53.44
2012-06-04,89181.18,9.3124,53.44
2012-06-05,89365.85,9.3124,53.44
2012-06-06,90578.99,9.3124,53.44
2012-06-07,88506.64,9.3124,53.44
2012-06-08,87503.62,9.3124,53.44
2012-06-11,88327.80,9.3124,53.44
2012-06-12,89343.01,9.3124,53.44
2012-06-13,90011.79,9.3124,53.44
2012-06-14,90130.09,9.3124,53.44
2012-06-15,90597.12,9.3124,53.44
2012-06-18,90459.91,9.3124,53.44
2012-06-19,91019.86,9.3124,53.44
2012-06-20,89768.06,9.3124,53.44
2012-06-21,89165.46,9.3124,53.44
2012-06-22,89499.63,9.3124,53.44
2012-06-25,89639.13,9.3124,53.44
2012-06-26,89898.97,9.3124,53.44
2012-06-27,89982.56,9.3124,53.44
2012-06-28,88779.95,9.3124,53.44
2012-06-29,89252.23,9.3124,53.44
2012-07-02,88507.22,9.3124,53.44
2012-07-03,88396.37,9.3124,53.44
2012-07-04,87855.07,9.3124,53.44
2012-07-05,88436.53,9.3124,53.44
2012-07-06,88229.24,9.3124,53.44
2012-07-09,88569.78,9.3124,53.44
2012-07-10,88352.91,9.3124,53.44
2012-07-11,87393.39,9.3124,53.44
2012-07-12,86947.68,9.3124,53.44
2012-07-13,88015.75,9.3124,53.44
2012-07-16,87873.42,9.3124,53.44
2012-07-17,87418.59,9.3124,53.44
2012-07-18,87355.47,9.3124,53.44
2012-07-19,87365.52,9.3124,53.44
2012-07-20,87032.64,9.3124,53.44
2012-07-23,87920.22,9.3124,53.44
2012-07-24,88923.23,9.3124,53.44
2012-07-25,89920.15,9.3124,53.44
2012-07-26,90211.57,9.3124,53.44
2012-07-27,89553.95,9.3124,53.44
2012-07-30,89752.76,9.3124,53.44
2012-07-31,90207.51,9.3124,53.44
2012-08-01,88720.49,9.3124,53.44
2012-08-02,89176.47,9.3124,53.44
2012-08-03,89319.49,9.3124,53.44
2012-08-06,89290.59,9.3124,53.44
2012-08-07,88854.70,9.3124,53.44
2012-08-08,89188.51,9.3124,53.44
2012-08-09,89349.87,9.3124,53.44
2012-08-10,89543.51,9.3124,53.44
2012-08-13,89918.95,9.3124,53.44
2012-08-14,89074.56,9.3124,53.44
2012-08-15,89297.56,9.3124,53.44
2012-08-16,89715.61,9.3124,53.44
2012-08-17,89901.19,9.3124,53.44
2012-08-20,89915.11,9.3124,53.44
2012-08-21,91025.02,9.3124,53.44
2012-08-22,91098.15,9.3124,53.44
2012-08-23,92055.02,9.3124,53.44
2012-08-24,92476.81,9.3124,53.44
2012-08-27,92810.20,9.3124,53.44
2012-08-28,92953.46,9.3124,53.44
2012-08-29,92337.50,9.3124,53.44
2012-08-30,92348.69,9.3124,53.44
2012-08-31,91697.81,9.3124,53.44
2012-09-03,93937.43,9.3124,53.44
2012-09-04,94429.55,9.3124,53.44
2012-09-05,94403.38,9.3124,53.44
2012-09-06,94805.21,9.3124,53.44
2012-09-07,95765.76,9.3124,53.44
2012-09-10,96065.37,9.3124,53.44
2012-09-11,96172.53,9.3124,53.44
2012-09-12,95891.06,9.3124,53.44
2012-09-13,96039.36,9.3124,53.44
2012-09-14,96613.82,9.3124,53.44
2012-09-17,95270.24,9.3124,53.44
2012-09-18,95650.31,9.3124,53.44
2012-09-19,95501.66,9.3124,53.44
2012-09-20,95495.33,9.3124,53.44
2012-09-21,95497.52,9.3124,53.44
2012-09-24,94311.37,9.3124,53.44
2012-09-25,94695.51,9.3124,53.44
2012-09-26,93387.73,9.3124,53.44
2012-09-27,93835.66,9.3124,53.44
2012-09-28,93675.11,9.3124,53.44
2012-10-01,94040.88,9.3124,53.44
2012-10-02,93435.69,9.3124,53.44
2012-10-03,92712.42,9.3124,53.44
2012-10-04,92929.10,9.3124,53.44
2012-10-05,92562.83,9.3124,53.44
2012-10-08,93055.52,9.3124,53.44
2012-10-09,93711.54,9.3124,53.44
2012-10-10,93584.01,9.3124,53.44
2012-10-11,93173.23,9.3124,53.44
2012-10-12,93434.56,9.3124,53.44
2012-10-15,92055.73,9.3124,53.44
2012-10-16,92503.37,9.3124,53.44
2012-10-17,92495.86,9.3124,53.44
2012-10-18,92596.88,9.3124,53.44
2012-10-19,93511.38,9.3124,53.44
2012-10-22,92510.63,9.3124,53.44
2012-10-23,92060.34,9.3124,53.44
2012-10-24,91818.22,9.3124,53.44
2012-10-25,92079.44,9.3124,53.44
2012-10-26,92106.28,9.3124,53.44
2012-10-29,92169.46,9.3124,53.44
2012-10-30,92408.39,9.3124,53.44
2012-10-31,92473.60,9.3124,53.44
2012-11-01,92265.59,9.3124,53.44
2012-11-02,90577.16,9.3124,53.44
2012-11-05,91843.33,9.3124,53.44
2012-11-06,92049.58,9.3124,53.44
2012-11-07,92734.97,9.3124,53.44
2012-11-08,93585.07,9.3124,53.44
2012-11-09,95177.86,9.3124,53.44
2012-11-12,95386.67,9.3124,53.44
2012-11-13,94891.94,9.3124,53.44
2012-11-14,94864.45,9.3124,53.44
2012-11-15,93690.89,9.3124,53.44
2012-11-16,94396.71,9.3124,53.44
2012-11-19,95289.96,9.3124,53.44
2012-11-20,95438.29,9.3124,53.44
2012-11-21,95018.24,9.3124,53.44
2012-11-22,95594.46,9.3124,53.44
2012-11-23,96412.17,9.3124,53.44
2012-11-26,97581.61,9.3124,53.44
2012-11-27,96960.52,9.3124,53.44
2012-11-28,94836.69,9.3124,53.44
2012-11-29,94749.92,9.3124,53.44
2012-11-30,93885.75,9.3124,53.44
2012-12-03,94040.98,9.3124,53.44
2012-12-04,92765.06,9.3124,53.44
2012-12-05,92450.04,9.3124,53.44
2012-12-06,91650.43,9.3124,53.44
2012-12-07,92689.20,9.3124,53.44
2012-12-10,93356.94,9.3124,53.44
2012-12-11,92844.45,9.3124,53.44
2012-12-12,93097.97,9.3124,53.44
2012-12-13,92144.84,9.3124,53.44
2012-12-14,92530.42,9.3124,53.44
2012-12-17,92910.13,9.3124,53.44
2012-12-18,93000.59,9.3124,53.44
2012-12-19,90908.98,9.3124,53.44
2012-12-20,90554.67,9.3124,53.44
2012-12-21,91005.90,9.3124,53.44
2012-12-24,90774.69,9.3124,53.44
2012-12-25,90774.69,9.3124,53.44
2012-12-26,90593.03,9.3124,53.44
2012-12-27,90977.98,9.3124,53.44
2012-12-28,90847.57,9.3124,53.44
2012-12-31,90814.41,9.3124,53.44
2013-01-01,90814.41,10.9076,56.57
2013-01-02,92173.87,10.9076,56.57
2013-01-03,91658.71,10.9076,56.57
2013-01-04,90829.50,10.9076,56.57
2013-01-07,90908.27,10.9076,56.57
2013-01-08,91195.91,10.9076,56.57
2013-01-09,90935.87,10.9076,56.57
2013-01-10,91563.86,10.9076,56.57
2013-01-11,90814.41,10.9076,56.57
2013-01-14,90753.41,10.9076,56.57
2013-01-15,91755.28,10.9076,56.57
2013-01-16,91808.19,10.9076,56.57
2013-01-17,90935.74,10.9076,56.57
2013-01-18,90866.61,10.9076,56.57
2013-01-21,90897.17,10.9076,56.57
2013-01-22,90974.24,10.9076,56.57
2013-01-23,90741.07,10.9076,56.57
2013-01-24,89724.33,10.9076,56.57
2013-01-25,89133.69,10.9076,56.57
2013-01-28,89293.63,10.9076,56.57
2013-01-29,89404.80,10.9076,56.57
2013-01-30,89570.09,10.9076,56.57
2013-01-31,88548.03,10.9076,56.57
2013-02-01,88774.09,10.9076,56.57
2013-02-04,88722.81,10.9076,56.57
2013-02-05,88904.69,10.9076,56.57
2013-02-06,89120.32,10.9076,56.57
2013-02-07,88879.36,10.9076,56.57
2013-02-08,89326.44,10.9076,56.57
2013-02-11,88811.51,10.9076,56.57
2013-02-12,88849.66,10.9076,56.57
2013-02-13,88476.31,10.9076,56.57
2013-02-14,88711.15,10.9076,56.57
2013-02-15,87335.58,10.9076,56.57
2013-02-18,87423.45,10.9076,56.57
2013-02-19,87260.62,10.9076,56.57
2013-02-20,85914.01,10.9076,56.57
2013-02-21,85938.61,10.9076,56.57
2013-02-22,85446.30,10.9076,56.57
2013-02-25,85483.01,10.9076,56.57
2013-02-26,86133.53,10.9076,56.57
2013-02-27,86432.96,10.9076,56.57
2013-02-28,86422.34,10.9076,56.57
2013-03-01,86873.43,10.9076,56.57
2013-03-04,86386.97,10.9076,56.57
2013-03-05,86641.37,10.9076,56.57
2013-03-06,86223.72,10.9076,56.57
2013-03-07,86138.01,10.9076,56.57
2013-03-08,85912.73,10.9076,56.57
2013-03-11,85913.37,10.9076,56.57
2013-03-12,86586.07,10.9076,56.57
2013-03-13,86351.89,10.9076,56.57
2013-03-14,86135.66,10.9076,56.57
2013-03-15,86228.79,10.9076,56.57
2013-03-18,86931.25,10.9076,56.57
2013-03-19,87648.95,10.9076,56.57
2013-03-20,87327.43,10.9076,56.57
2013-03-21,87618.55,10.9076,56.57
2013-03-22,87357.08,10.9076,56.57
2013-03-25,86651.36,10.9076,56.57
2013-03-26,86899.22,10.9076,56.57
2013-03-27,87171.12,10.9076,56.57
2013-03-28,86864.87,10.9076,56.57
2013-03-29,86864.87,10.9076,56.57
2013-04-01,86864.87,10.9076,56.57
2013-04-02,85960.28,10.9076,56.57
2013-04-03,85721.51,10.9076,56.57
2013-04-04,84817.77,10.9076,56.57
2013-04-05,85981.27,10.9076,56.57
2013-04-08,85924.11,10.9076,56.57
2013-04-09,86165.15,10.9076,56.57
2013-04-10,85906.40,10.9076,56.57
2013-04-11,85360.96,10.9076,56.57
2013-04-12,83792.22,10.9076,56.57
2013-04-15,76201.88,10.9076,56.57
2013-04-16,74830.49,10.9076,56.57
2013-04-17,75390.70,10.9076,56.57
2013-04-18,75367.03,10.9076,56.57
2013-04-19,76002.41,10.9076,56.57
2013-04-22,77186.53,10.9076,56.57
2013-04-23,76561.74,10.9076,56.57
2013-04-24,77676.45,10.9076,56.57
2013-04-25,78629.67,10.9076,56.57
2013-04-26,80042.23,10.9076,56.57
2013-04-29,79626.54,10.9076,56.57
2013-04-30,79142.38,10.9076,56.57
2013-05-01,78374.66,10.9076,56.57
2013-05-02,79126.45,10.9076,56.57
2013-05-03,79280.72,10.9076,56.57
2013-05-06,79670.07,10.9076,56.57
2013-05-07,78126.68,10.9076,56.57
2013-05-08,79459.15,10.9076,56.57
2013-05-09,79474.06,10.9076,56.57
2013-05-10,78008.15,10.9076,56.57
2013-05-13,78405.08,10.9076,56.57
2013-05-14,78547.98,10.9076,56.57
2013-05-15,77380.79,10.9076,56.57
2013-05-16,75685.69,10.9076,56.57
2013-05-17,75110.16,10.9076,56.57
2013-05-20,74653.49,10.9076,56.57
2013-05-21,75229.05,10.9076,56.57
2013-05-22,78258.02,10.9076,56.57
2013-05-23,76811.02,10.9076,56.57
2013-05-24,77304.85,10.9076,56.57
2013-05-27,77242.29,10.9076,56.57
2013-05-28,76980.75,10.9076,56.57
2013-05-29,77675.76,10.9076,56.57
2013-05-30,79502.30,10.9076,56.57
2013-05-31,78768.31,10.9076,56.57
2013-06-03,79661.98,10.9076,56.57
2013-06-04,78994.77,10.9076,56.57
2013-06-05,79708.58,10.9076,56.57
2013-06-06,79646.00,10.9076,56.57
2013-06-07,79105.95,10.9076,56.57
2013-06-10,80103.99,10.9076,56.57
2013-06-11,80386.75,10.9076,56.57
2013-06-12,79881.45,10.9076,56.57
2013-06-13,80385.39,10.9076,56.57
2013-06-14,80073.38,10.9076,56.57
2013-06-17,80017.76,10.9076,56.57
2013-06-18,80317.06,10.9076,56.57
2013-06-19,80635.32,10.9076,56.57
2013-06-20,77226.88,10.9076,56.57
2013-06-21,76646.40,10.9076,56.57
2013-06-24,76918.69,10.9076,56.57
2013-06-25,76343.49,10.9076,56.57
2013-06-26,74873.47,10.9076,56.57
2013-06-27,74291.68,10.9076,56.57
2013-06-28,70834.59,10.9076,56.57
2013-07-01,73858.18,10.9076,56.57
2013-07-02,74739.79,10.9076,56.57
2013-07-03,75334.36,10.9076,56.57
2013-07-04,75248.94,10.9076,56.57
2013-07-05,73244.02,10.9076,56.57
2013-07-08,75183.48,10.9076,56.57
2013-07-09,75738.03,10.9076,56.57
2013-07-10,75334.87,10.9076,56.57
2013-07-11,76823.71,10.9076,56.57
2013-07-12,76689.00,10.9076,56.57
2013-07-15,76898.71,10.9076,56.57
2013-07-16,76476.17,10.9076,56.57
2013-07-17,77173.39,10.9076,56.57
2013-07-18,76488.11,10.9076,56.57
2013-07-19,77272.04,10.9076,56.57
2013-07-22,79042.74,10.9076,56.57
2013-07-23,79696.63,10.9076,56.57
2013-07-24,78885.15,10.9076,56.57
2013-07-25,78393.11,10.9076,56.57
2013-07-26,78502.37,10.9076,56.57
2013-07-29,78943.92,10.9076,56.57
2013-07-30,79928.98,10.9076,56.57
2013-07-31,79928.16,10.9076,56.57
2013-08-01,79248.47,10.9076,56.57
2013-08-02,79746.40,10.9076,56.57
2013-08-05,79426.66,10.9076,56.57
2013-08-06,78683.52,10.9076,56.57
2013-08-07,78495.40,10.9076,56.57
2013-08-08,79017.97,10.9076,56.57
2013-08-09,79672.27,10.9076,56.57
2013-08-12,81995.43,10.9076,56.57
2013-08-13,81151.41,10.9076,56.57
2013-08-14,81480.25,10.9076,56.57
2013-08-15,81679.88,10.9076,56.57
2013-08-16,84496.41,10.9076,56.57
2013-08-19,85919.91,10.9076,56.57
2013-08-20,87229.23,10.9076,56.57
2013-08-21,87627.26,10.9076,56.57
2013-08-22,89049.86,10.9076,56.57
2013-08-23,88173.77,10.9076,56.57
2013-08-26,88828.07,10.9076,56.57
2013-08-27,93620.82,10.9076,56.57
2013-08-28,96731.81,10.9076,56.57
2013-08-29,94023.61,10.9076,56.57
2013-08-30,92151.12,10.9076,56.57
2013-09-02,92034.68,10.9076,56.57
2013-09-03,95124.00,10.9076,56.57
2013-09-04,93053.54,10.9076,56.57
2013-09-05,91638.52,10.9076,56.57
2013-09-06,90578.02,10.9076,56.57
2013-09-09,90773.94,10.9076,56.57
2013-09-10,86870.26,10.9076,56.57
2013-09-11,86332.18,10.9076,56.57
2013-09-12,84553.76,10.9076,56.57
2013-09-13,83582.99,10.9076,56.57
2013-09-16,83193.53,10.9076,56.57
2013-09-17,82973.56,10.9076,56.57
2013-09-18,82307.76,10.9076,56.57
2013-09-19,84572.24,10.9076,56.57
2013-09-20,84105.49,10.9076,56.57
2013-09-23,82680.88,10.9076,56.57
2013-09-24,82449.45,10.9076,56.57
2013-09-25,82480.07,10.9076,56.57
2013-09-26,82732.63,10.9076,56.57
2013-09-27,83752.14,10.9076,56.57
2013-09-30,83045.53,10.9076,56.57
2013-10-01,80587.97,10.9076,56.57
2013-10-02,81555.72,10.9076,56.57
2013-10-03,81282.74,10.9076,56.57
2013-10-04,80798.46,10.9076,56.57
2013-10-07,81851.84,10.9076,56.57
2013-10-08,82249.50,10.9076,56.57
2013-10-09,80730.62,10.9076,56.57
2013-10-10,79974.61,10.9076,56.57
2013-10-11,77366.34,10.9076,56.57
2013-10-14,79026.10,10.9076,56.57
2013-10-15,78596.29,10.9076,56.57
2013-10-16,78781.88,10.9076,56.57
2013-10-17,80850.22,10.9076,56.57
2013-10-18,80629.04,10.9076,56.57
2013-10-21,81026.25,10.9076,56.57
2013-10-22,82192.76,10.9076,56.57
2013-10-23,82004.99,10.9076,56.57
2013-10-24,82591.18,10.9076,56.57
2013-10-25,83014.64,10.9076,56.57
2013-10-28,83708.29,10.9076,56.57
2013-10-29,82830.46,10.9076,56.57
2013-10-30,83039.40,10.9076,56.57
2013-10-31,81366.40,10.9076,56.57
2013-11-01,80815.94,10.9076,56.57
2013-11-04,81666.30,10.9076,56.57
2013-11-05,80621.36,10.9076,56.57
2013-11-06,82200.07,10.9076,56.57
2013-11-07,81820.77,10.9076,56.57
2013-11-08,80639.41,10.9076,56.57
2013-11-11,81150.18,10.9076,56.57
2013-11-12,81535.54,10.9076,56.57
2013-11-13,80784.64,10.9076,56.57
2013-11-14,81352.35,10.9076,56.57
2013-11-15,81431.43,10.9076,56.57
2013-11-18,80148.15,10.9076,56.57
2013-11-19,79469.65,10.9076,56.57
2013-11-20,78619.06,10.9076,56.57
2013-11-21,78000.65,10.9076,56.57
2013-11-22,78376.66,10.9076,56.57
2013-11-25,77643.99,10.9076,56.57
2013-11-26,77920.10,10.9076,56.57
2013-11-27,77496.25,10.9076,56.57
2013-11-28,77719.19,10.9076,56.57
2013-11-29,78299.96,10.9076,56.57
2013-12-02,76548.66,10.9076,56.57
2013-12-03,75904.66,10.9076,56.57
2013-12-04,76319.80,10.9076,56.57
2013-12-05,75526.05,10.9076,56.57
2013-12-06,75992.86,10.9076,56.57
2013-12-09,75583.78,10.9076,56.57
2013-12-10,77361.53,10.9076,56.57
2013-12-11,77258.76,10.9076,56.57
2013-12-12,75616.30,10.9076,56.57
2013-12-13,76587.27,10.9076,56.57
2013-12-16,76449.54,10.9076,56.57
2013-12-17,76331.53,10.9076,56.57
2013-12-18,76297.14,10.9076,56.57
2013-12-19,74313.45,10.9076,56.57
2013-12-20,74272.83,10.9076,56.57
2013-12-23,74308.01,10.9076,56.57
2013-12-24,74248.06,10.9076,56.57
2013-12-25,74248.06,10.9076,56.57
2013-12-26,74421.92,10.9076,56.57
2013-12-27,75207.90,10.9076,56.57
2013-12-30,74624.78,10.9076,56.57
2013-12-31,74504.34,10.9076,56.57
2014-01-01,74504.34,6.3532,62.33
2014-01-02,76201.11,6.3532,62.33
2014-01-03,76795.15,6.3532,62.33
2014-01-06,77697.44,6.3532,62.33
2014-01-07,76497.79,6.3532,62.33
2014-01-08,75909.57,6.3532,62.33
2014-01-09,76091.67,6.3532,62.33
2014-01-10,77075.06,6.3532,62.33
2014-01-13,76845.60,6.3532,62.33
2014-01-14,77061.11,6.3532,62.33
2014-01-15,76081.97,6.3532,62.33
2014-01-16,76426.74,6.3532,62.33
2014-01-17,76843.74,6.3532,62.33
2014-01-20,77341.64,6.3532,62.33
2014-01-21,76582.66,6.3532,62.33
2014-01-22,76749.63,6.3532,62.33
2014-01-23,78255.47,6.3532,62.33
2014-01-24,79174.82,6.3532,62.33
2014-01-27,79714.01,6.3532,62.33
2014-01-28,78397.07,6.3532,62.33
2014-01-29,78949.43,6.3532,62.33
2014-01-30,77873.67,6.3532,62.33
2014-01-31,78381.40,6.3532,62.33
2014-02-03,79117.92,6.3532,62.33
2014-02-04,78287.52,6.3532,62.33
2014-02-05,78450.14,6.3532,62.33
2014-02-06,78559.51,6.3532,62.33
2014-02-07,78526.81,6.3532,62.33
2014-02-10,79633.70,6.3532,62.33
2014-02-11,79830.13,6.3532,62.33
2014-02-12,80077.94,6.3532,62.33
2014-02-13,80825.03,6.3532,62.33
2014-02-14,81958.80,6.3532,62.33
2014-02-17,82218.71,6.3532,62.33
2014-02-18,82186.96,6.3532,62.33
2014-02-19,82171.40,6.3532,62.33
2014-02-20,81943.13,6.3532,62.33
2014-02-21,82140.74,6.3532,62.33
2014-02-24,82814.56,6.3532,62.33
2014-02-25,82997.90,6.3532,62.33
2014-02-26,82588.48,6.3532,62.33
2014-02-27,82619.48,6.3532,62.33
2014-02-28,82216.46,6.3532,62.33
2014-03-03,83709.48,6.3532,62.33
2014-03-04,82681.08,6.3532,62.33
2014-03-05,82486.20,6.3532,62.33
2014-03-06,82396.56,6.3532,62.33
2014-03-07,81577.08,6.3532,62.33
2014-03-10,81816.00,6.3532,62.33
2014-03-11,82006.81,6.3532,62.33
2014-03-12,83554.80,6.3532,62.33
2014-03-13,83685.37,6.3532,62.33
2014-03-14,84713.52,6.3532,62.33
2014-03-17,84315.94,6.3532,62.33
2014-03-18,82817.67,6.3532,62.33
2014-03-19,81624.68,6.3532,62.33
2014-03-20,81285.37,6.3532,62.33
2014-03-21,81549.43,6.3532,62.33
2014-03-24,79700.14,6.3532,62.33
2014-03-25,79440.47,6.3532,62.33
2014-03-26,78409.51,6.3532,62.33
2014-03-27,78038.64,6.3532,62.33
2014-03-28,77325.69,6.3532,62.33
2014-03-31,77146.52,6.3532,62.33
2014-04-01,76668.74,6.3532,62.33
2014-04-02,77268.05,6.3532,62.33
2014-04-03,77290.37,6.3532,62.33
2014-04-04,78074.99,6.3532,62.33
2014-04-07,78066.64,6.3532,62.33
2014-04-08,78697.66,6.3532,62.33
2014-04-09,78254.69,6.3532,62.33
2014-04-10,79388.45,6.3532,62.33
2014-04-11,79389.71,6.3532,62.33
2014-04-14,79856.53,6.3532,62.33
2014-04-15,78191.51,6.3532,62.33
2014-04-16,78552.03,6.3532,62.33
2014-04-17,78453.09,6.3532,62.33
2014-04-18,78453.09,6.3532,62.33
2014-04-21,78557.01,6.3532,62.33
2014-04-22,78343.77,6.3532,62.33
2014-04-23,78470.93,6.3532,62.33
2014-04-24,78852.52,6.3532,62.33
2014-04-25,78927.32,6.3532,62.33
2014-04-28,78660.94,6.3532,62.33
2014-04-29,78413.28,6.3532,62.33
2014-04-30,77715.86,6.3532,62.33
2014-05-01,77112.71,6.3532,62.33
2014-05-02,77144.05,6.3532,62.33
2014-05-05,77105.62,6.3532,62.33
2014-05-06,78469.70,6.3532,62.33
2014-05-07,77837.76,6.3532,62.33
2014-05-08,77226.42,6.3532,62.33
2014-05-09,77468.54,6.3532,62.33
2014-05-12,77749.66,6.3532,62.33
2014-05-13,77504.77,6.3532,62.33
2014-05-14,78027.84,6.3532,62.33
2014-05-15,76829.34,6.3532,62.33
2014-05-16,76237.24,6.3532,62.33
2014-05-19,76147.45,6.3532,62.33
2014-05-20,76123.57,6.3532,62.33
2014-05-21,75658.11,6.3532,62.33
2014-05-22,75968.73,6.3532,62.33
2014-05-23,75368.71,6.3532,62.33
2014-05-26,75914.37,6.3532,62.33
2014-05-27,75286.38,6.3532,62.33
2014-05-28,74388.56,6.3532,62.33
2014-05-29,74063.82,6.3532,62.33
2014-05-30,73892.04,6.3532,62.33
2014-06-02,73706.22,6.3532,62.33
2014-06-03,73766.53,6.3532,62.33
2014-06-04,73899.34,6.3532,62.33
2014-06-05,74285.77,6.3532,62.33
2014-06-06,73810.19,6.3532,62.33
2014-06-09,74150.79,6.3532,62.33
2014-06-10,74669.44,6.3532,62.33
2014-06-11,74817.66,6.3532,62.33
2014-06-12,75027.32,6.3532,62.33
2014-06-13,76029.91,6.3532,62.33
2014-06-16,76654.77,6.3532,62.33
2014-06-17,76208.44,6.3532,62.33
2014-06-18,76686.54,6.3532,62.33
2014-06-19,77728.68,6.3532,62.33
2014-06-20,78953.44,6.3532,62.33
2014-06-23,79066.12,6.3532,62.33
2014-06-24,79241.84,6.3532,62.33
2014-06-25,79235.42,6.3532,62.33
2014-06-26,78911.58,6.3532,62.33
2014-06-27,79161.98,6.3532,62.33
2014-06-30,79090.66,6.3532,62.33
2014-07-01,79762.83,6.3532,62.33
2014-07-02,79152.25,6.3532,62.33
2014-07-03,78819.43,6.3532,62.33
2014-07-04,78904.34,6.3532,62.33
2014-07-07,78817.75,6.3532,62.33
2014-07-08,79141.85,6.3532,62.33
2014-07-09,79080.59,6.3532,62.33
2014-07-10,80388.19,6.3532,62.33
2014-07-11,80186.76,6.3532,62.33
2014-07-14,78533.03,6.3532,62.33
2014-07-15,78776.84,6.3532,62.33
2014-07-16,78261.65,6.3532,62.33
2014-07-17,78319.31,6.3532,62.33
2014-07-18,78859.85,6.3532,62.33
2014-07-21,79096.56,6.3532,62.33
2014-07-22,78949.10,6.3532,62.33
2014-07-23,78596.08,6.3532,62.33
2014-07-24,77687.79,6.3532,62.33
2014-07-25,77833.88,6.3532,62.33
2014-07-28,78444.47,6.3532,62.33
2014-07-29,78128.77,6.3532,62.33
2014-07-30,77780.02,6.3532,62.33
2014-07-31,77786.53,6.3532,62.33
2014-08-01,78856.63,6.3532,62.33
2014-08-04,78714.04,6.3532,62.33
2014-08-05,78125.64,6.3532,62.33
2014-08-06,80277.88,6.3532,62.33
2014-08-07,79992.23,6.3532,62.33
2014-08-08,80254.92,6.3532,62.33
2014-08-11,79971.00,6.3532,62.33
2014-08-12,80405.46,6.3532,62.33
2014-08-13,80366.55,6.3532,62.33
2014-08-14,79880.49,6.3532,62.33
2014-08-15,78816.22,6.3532,62.33
2014-08-18,78861.83,6.3532,62.33
2014-08-19,78710.50,6.3532,62.33
2014-08-20,78509.38,6.3532,62.33
2014-08-21,77394.91,6.3532,62.33
2014-08-22,77305.55,6.3532,62.33
2014-08-25,77334.28,6.3532,62.33
2014-08-26,77783.69,6.3532,62.33
2014-08-27,77553.45,6.3532,62.33
2014-08-28,78398.55,6.3532,62.33
2014-08-29,78019.30,6.3532,62.33
2014-09-01,77839.67,6.3532,62.33
2014-09-02,76837.20,6.3532,62.33
2014-09-03,76531.10,6.3532,62.33
2014-09-04,76874.88,6.3532,62.33
2014-09-05,76477.46,6.3532,62.33
2014-09-08,75879.92,6.3532,62.33
2014-09-09,76041.93,6.3532,62.33
2014-09-10,76185.89,6.3532,62.33
2014-09-11,75536.26,6.3532,62.33
2014-09-12,74773.60,6.3532,62.33
2014-09-15,75406.49,6.3532,62.33
2014-09-16,75284.30,6.3532,62.33
2014-09-17,75280.13,6.3532,62.33
2014-09-18,74310.14,6.3532,62.33
2014-09-19,74237.02,6.3532,62.33
2014-09-22,73823.26,6.3532,62.33
2014-09-23,74535.88,6.3532,62.33
2014-09-24,74185.29,6.3532,62.33
2014-09-25,74503.00,6.3532,62.33
2014-09-26,74239.01,6.3532,62.33
2014-09-29,74993.15,6.3532,62.33
2014-09-30,75131.03,6.3532,62.33
2014-10-01,74966.81,6.3532,62.33
2014-10-02,74674.09,6.3532,62.33
2014-10-03,73641.88,6.3532,62.33
2014-10-06,73688.09,6.3532,62.33
2014-10-07,74394.29,6.3532,62.33
2014-10-08,74697.92,6.3532,62.33
2014-10-09,74860.88,6.3532,62.33
2014-10-10,74706.40,6.3532,62.33
2014-10-13,75202.49,6.3532,62.33
2014-10-14,75795.12,6.3532,62.33
2014-10-15,75963.93,6.3532,62.33
2014-10-16,76530.07,6.3532,62.33
2014-10-17,75844.66,6.3532,62.33
2014-10-20,76337.63,6.3532,62.33
2014-10-21,76699.70,6.3532,62.33
2014-10-22,76129.93,6.3532,62.33
2014-10-23,75456.62,6.3532,62.33
2014-10-24,75456.62,6.3532,62.33
2014-10-27,75371.52,6.3532,62.33
2014-10-28,75383.75,6.3532,62.33
2014-10-29,75025.01,6.3532,62.33
2014-10-30,73880.93,6.3532,62.33
2014-10-31,71484.94,6.3532,62.33
2014-11-03,71718.82,6.3532,62.33
2014-11-04,71642.05,6.3532,62.33
2014-11-05,70164.47,6.3532,62.33
2014-11-06,70348.79,6.3532,62.33
2014-11-07,71157.60,6.3532,62.33
2014-11-10,71431.03,6.3532,62.33
2014-11-11,71249.07,6.3532,62.33
2014-11-12,71613.84,6.3532,62.33
2014-11-13,71511.51,6.3532,62.33
2014-11-14,72204.73,6.3532,62.33
2014-11-17,73014.94,6.3532,62.33
2014-11-18,73643.36,6.3532,62.33
2014-11-19,74098.16,6.3532,62.33
2014-11-20,73736.86,6.3532,62.33
2014-11-21,74391.74,6.3532,62.33
2014-11-24,74183.62,6.3532,62.33
2014-11-25,74206.11,6.3532,62.33
2014-11-26,74098.29,6.3532,62.33
2014-11-27,73934.11,6.3532,62.33
2014-11-28,73395.54,6.3532,62.33
2014-12-01,74122.01,6.3532,62.33
2014-12-02,73988.42,6.3532,62.33
2014-12-03,74519.81,6.3532,62.33
2014-12-04,74855.23,6.3532,62.33
2014-12-05,73866.80,6.3532,62.33
2014-12-08,73816.88,6.3532,62.33
2014-12-09,75951.29,6.3532,62.33
2014-12-10,76247.15,6.3532,62.33
2014-12-11,75808.85,6.3532,62.33
2014-12-12,75813.01,6.3532,62.33
2014-12-15,76073.90,6.3532,62.33
2014-12-16,76322.66,6.3532,62.33
2014-12-17,76021.30,6.3532,62.33
2014-12-18,75734.83,6.3532,62.33
2014-12-19,75657.20,6.3532,62.33
2014-12-22,75605.53,6.3532,62.33
2014-12-23,74419.09,6.3532,62.33
2014-12-24,74701.26,6.3532,62.33
2014-12-25,74701.26,6.3532,62.33
2014-12-26,74830.60,6.3532,62.33
2014-12-29,75520.78,6.3532,62.33
2014-12-30,76442.30,6.3532,62.33
2014-12-31,76125.73,6.3532,62.33
2015-01-01,76125.73,5.8724,62.97
2015-01-02,74187.59,5.8724,62.97
2015-01-05,76013.98,5.8724,62.97
2015-01-06,76996.10,5.8724,62.97
2015-01-07,76570.16,5.8724,62.97
2015-01-08,76260.46,5.8724,62.97
2015-01-09,75969.33,5.8724,62.97
2015-01-12,76331.21,5.8724,62.97
2015-01-13,76519.25,5.8724,62.97
2015-01-14,76786.11,5.8724,62.97
2015-01-15,78051.70,5.8724,62.97
2015-01-16,79211.37,5.8724,62.97
2015-01-19,78647.69,5.8724,62.97
2015-01-20,79535.20,5.8724,62.97
2015-01-21,79698.99,5.8724,62.97
2015-01-22,79915.37,5.8724,62.97
2015-01-23,79672.43,5.8724,62.97
2015-01-26,78841.70,5.8724,62.97
2015-01-27,79133.22,5.8724,62.97
2015-01-28,79002.69,5.8724,62.97
2015-01-29,78427.77,5.8724,62.97
2015-01-30,78053.58,5.8724,62.97
2015-02-02,78723.20,5.8724,62.97
2015-02-03,78018.44,5.8724,62.97
2015-02-04,78412.31,5.8724,62.97
2015-02-05,77708.31,5.8724,62.97
2015-02-06,76603.82,5.8724,62.97
2015-02-09,76978.97,5.8724,62.97
2015-02-10,76643.92,5.8724,62.97
2015-02-11,76190.67,5.8724,62.97
2015-02-12,76106.72,5.8724,62.97
2015-02-13,76612.19,5.8724,62.97
2015-02-16,76477.78,5.8724,62.97
2015-02-17,75249.04,5.8724,62.97
2015-02-18,75176.00,5.8724,62.97
2015-02-19,75394.17,5.8724,62.97
2015-02-20,75165.22,5.8724,62.97
2015-02-23,74975.60,5.8724,62.97
2015-02-24,74274.85,5.8724,62.97
2015-02-25,74700.51,5.8724,62.97
2015-02-26,74609.44,5.8724,62.97
2015-02-27,75031.26,5.8724,62.97
2015-03-02,75117.41,5.8724,62.97
2015-03-03,75072.25,5.8724,62.97
2015-03-04,74560.91,5.8724,62.97
2015-03-05,74776.41,5.8724,62.97
2015-03-06,73143.40,5.8724,62.97
2015-03-09,73083.83,5.8724,62.97
2015-03-10,72827.11,5.8724,62.97
2015-03-11,72237.24,5.8724,62.97
2015-03-12,72070.29,5.8724,62.97
2015-03-13,72552.96,5.8724,62.97
2015-03-16,72320.61,5.8724,62.97
2015-03-17,72164.05,5.8724,62.97
2015-03-18,71949.78,5.8724,62.97
2015-03-19,72918.71,5.8724,62.97
2015-03-20,73890.49,5.8724,62.97
2015-03-23,73861.86,5.8724,62.97
2015-03-24,74141.08,5.8724,62.97
2015-03-25,74581.51,5.8724,62.97
2015-03-26,75491.63,5.8724,62.97
2015-03-27,74701.48,5.8724,62.97
2015-03-30,74277.50,5.8724,62.97
2015-03-31,74283.93,5.8724,62.97
2015-04-01,74909.74,5.8724,62.97
2015-04-02,75003.61,5.8724,62.97
2015-04-03,75003.61,5.8724,62.97
2015-04-06,74576.65,5.8724,62.97
2015-04-07,75451.35,5.8724,62.97
2015-04-08,75157.34,5.8724,62.97
2015-04-09,74358.35,5.8724,62.97
2015-04-10,75217.88,5.8724,62.97
2015-04-13,74925.24,5.8724,62.97
2015-04-14,74665.90,5.8724,62.97
2015-04-15,74478.70,5.8724,62.97
2015-04-16,75023.47,5.8724,62.97
2015-04-17,75022.83,5.8724,62.97
2015-04-20,75241.90,5.8724,62.97
2015-04-21,75148.49,5.8724,62.97
2015-04-22,74756.24,5.8724,62.97
2015-04-23,74963.10,5.8724,62.97
2015-04-24,75224.01,5.8724,62.97
2015-04-27,76218.00,5.8724,62.97
2015-04-28,76318.13,5.8724,62.97
2015-04-29,76550.85,5.8724,62.97
2015-04-30,74963.58,5.8724,62.97
2015-05-01,74690.46,5.8724,62.97
2015-05-04,74690.46,5.8724,62.97
2015-05-05,75967.60,5.8724,62.97
2015-05-06,75867.71,5.8724,62.97
2015-05-07,76270.67,5.8724,62.97
2015-05-08,75856.55,5.8724,62.97
2015-05-11,76028.74,5.8724,62.97
2015-05-12,76452.59,5.8724,62.97
2015-05-13,77465.94,5.8724,62.97
2015-05-14,77989.62,5.8724,62.97
2015-05-15,77532.26,5.8724,62.97
2015-05-18,77881.89,5.8724,62.97
2015-05-19,77344.82,5.8724,62.97
2015-05-20,77281.34,5.8724,62.97
2015-05-21,76704.27,5.8724,62.97
2015-05-22,76499.46,5.8724,62.97
2015-05-25,76499.46,5.8724,62.97
2015-05-26,75865.59,5.8724,62.97
2015-05-27,75965.54,5.8724,62.97
2015-05-28,75632.62,5.8724,62.97
2015-05-29,76090.23,5.8724,62.97
2015-06-01,76421.61,5.8724,62.97
2015-06-02,76199.02,5.8724,62.97
2015-06-03,76058.84,5.8724,62.97
2015-06-04,75281.64,5.8724,62.97
2015-06-05,74307.29,5.8724,62.97
2015-06-08,75207.24,5.8724,62.97
2015-06-09,75282.93,5.8724,62.97
2015-06-10,75867.89,5.8724,62.97
2015-06-11,75400.43,5.8724,62.97
2015-06-12,75849.98,5.8724,62.97
2015-06-15,75724.77,5.8724,62.97
2015-06-16,75711.65,5.8724,62.97
2015-06-17,75580.47,5.8724,62.97
2015-06-18,76681.01,5.8724,62.97
2015-06-19,76476.05,5.8724,62.97
2015-06-22,75317.76,5.8724,62.97
2015-06-23,74909.02,5.8724,62.97
2015-06-24,74691.57,5.8724,62.97
2015-06-25,74580.52,5.8724,62.97
2015-06-26,74449.65,5.8724,62.97
2015-06-29,75141.98,5.8724,62.97
2015-06-30,74569.27,5.8724,62.97
2015-07-01,74302.31,5.8724,62.97
2015-07-02,74016.67,5.8724,62.97
2015-07-03,74112.25,5.8724,62.97
2015-07-06,74001.64,5.8724,62.97
2015-07-07,73392.96,5.8724,62.97
2015-07-08,73674.79,5.8724,62.97
2015-07-09,73871.66,5.8724,62.97
2015-07-10,73476.41,5.8724,62.97
2015-07-13,73273.22,5.8724,62.97
2015-07-14,73431.23,5.8724,62.97
2015-07-15,72779.57,5.8724,62.97
2015-07-16,72702.29,5.8724,62.97
2015-07-17,71893.14,5.8724,62.97
2015-07-20,70269.11,5.8724,62.97
2015-07-21,70284.36,5.8724,62.97
2015-07-22,69225.42,5.8724,62.97
2015-07-23,69997.64,5.8724,62.97
2015-07-24,69171.19,5.8724,62.97
2015-07-27,70600.74,5.8724,62.97
2015-07-28,70107.45,5.8724,62.97
2015-07-29,69619.27,5.8724,62.97
2015-07-30,69616.31,5.8724,62.97
2015-07-31,70427.42,5.8724,62.97
2015-08-03,69921.16,5.8724,62.97
2015-08-04,69564.36,5.8724,62.97
2015-08-05,69180.53,5.8724,62.97
2015-08-06,69506.96,5.8724,62.97
2015-08-07,69803.56,5.8724,62.97
2015-08-10,70054.40,5.8724,62.97
2015-08-11,71205.06,5.8724,62.97
2015-08-12,72513.99,5.8724,62.97
2015-08-13,72756.26,5.8724,62.97
2015-08-14,72691.83,5.8724,62.97
2015-08-17,73068.81,5.8724,62.97
2015-08-18,72588.79,5.8724,62.97
2015-08-19,73374.30,5.8724,62.97
2015-08-20,75211.63,5.8724,62.97
2015-08-21,76180.10,5.8724,62.97
2015-08-24,77782.21,5.8724,62.97
2015-08-25,74991.10,5.8724,62.97
2015-08-26,74125.00,5.8724,62.97
2015-08-27,73851.20,5.8724,62.97
2015-08-28,75040.51,5.8724,62.97
2015-08-31,75449.11,5.8724,62.97
2015-09-01,75671.65,5.8724,62.97
2015-09-02,75316.20,5.8724,62.97
2015-09-03,74713.06,5.8724,62.97
2015-09-04,74352.43,5.8724,62.97
2015-09-07,74821.77,5.8724,62.97
2015-09-08,74606.92,5.8724,62.97
2015-09-09,73677.38,5.8724,62.97
2015-09-10,73726.27,5.8724,62.97
2015-09-11,73240.88,5.8724,62.97
2015-09-14,73284.12,5.8724,62.97
2015-09-15,73437.84,5.8724,62.97
2015-09-16,74246.35,5.8724,62.97
2015-09-17,74239.71,5.8724,62.97
2015-09-18,75070.75,5.8724,62.97
2015-09-21,74492.77,5.8724,62.97
2015-09-22,74004.72,5.8724,62.97
2015-09-23,74736.97,5.8724,62.97
2015-09-24,76485.63,5.8724,62.97
2015-09-25,75965.56,5.8724,62.97
2015-09-28,74700.18,5.8724,62.97
2015-09-29,74653.48,5.8724,62.97
2015-09-30,73122.96,5.8724,62.97
2015-10-01,73367.22,5.8724,62.97
2015-10-02,74793.26,5.8724,62.97
2015-10-05,74419.97,5.8724,62.97
2015-10-06,75040.75,5.8724,62.97
2015-10-07,74404.70,5.8724,62.97
2015-10-08,74208.28,5.8724,62.97
2015-10-09,74574.36,5.8724,62.97
2015-10-12,75465.11,5.8724,62.97
2015-10-13,75930.25,5.8724,62.97
2015-10-14,76341.63,5.8724,62.97
2015-10-15,76757.15,5.8724,62.97
2015-10-16,76575.15,5.8724,62.97
2015-10-19,76148.27,5.8724,62.97
2015-10-20,76577.29,5.8724,62.97
2015-10-21,76065.72,5.8724,62.97
2015-10-22,76059.21,5.8724,62.97
2015-10-23,75385.44,5.8724,62.97
2015-10-26,75740.17,5.8724,62.97
2015-10-27,75732.61,5.8724,62.97
2015-10-28,76626.80,5.8724,62.97
2015-10-29,74946.14,5.8724,62.97
2015-10-30,74646.84,5.8724,62.97
2015-11-02,74373.38,5.8724,62.97
2015-11-03,73731.50,5.8724,62.97
2015-11-04,73007.27,5.8724,62.97
2015-11-05,72728.14,5.8724,62.97
2015-11-06,71633.27,5.8724,62.97
2015-11-09,72343.97,5.8724,62.97
2015-11-10,72213.31,5.8724,62.97
2015-11-11,72133.61,5.8724,62.97
2015-11-12,72233.25,5.8724,62.97
2015-11-13,71552.03,5.8724,62.97
2015-11-16,71596.20,5.8724,62.97
2015-11-17,71286.54,5.8724,62.97
2015-11-18,70807.83,5.8724,62.97
2015-11-19,71668.11,5.8724,62.97
2015-11-20,71584.79,5.8724,62.97
2015-11-23,71148.10,5.8724,62.97
2015-11-24,71429.88,5.8724,62.97
2015-11-25,70872.46,5.8724,62.97
2015-11-26,71333.95,5.8724,62.97
2015-11-27,70566.89,5.8724,62.97
2015-11-30,70780.94,5.8724,62.97
2015-12-01,70902.35,5.8724,62.97
2015-12-02,70316.02,5.8724,62.97
2015-12-03,70356.28,5.8724,62.97
2015-12-04,72066.91,5.8724,62.97
2015-12-07,71790.81,5.8724,62.97
2015-12-08,71618.94,5.8724,62.97
2015-12-09,72332.40,5.8724,62.97
2015-12-10,71526.72,5.8724,62.97
2015-12-11,71718.07,5.8724,62.97
2015-12-14,71687.58,5.8724,62.97
2015-12-15,71072.72,5.8724,62.97
2015-12-16,71805.19,5.8724,62.97
2015-12-17,69740.48,5.8724,62.97
2015-12-18,70571.25,5.8724,62.97
2015-12-21,71556.17,5.8724,62.97
2015-12-22,71306.17,5.8724,62.97
2015-12-23,70734.17,5.8724,62.97
2015-12-24,70734.17,5.8724,62.97
2015-12-25,70734.17,5.8724,62.97
2015-12-28,70712.80,5.8724,62.97
2015-12-29,71059.98,5.8724,62.97
2015-12-30,70368.09,5.8724,62.97
2015-12-31,70125.63,5.8724,62.97
2016-01-01,70125.63,4.941,66.46
2016-01-04,72061.61,4.941,66.46
2016-01-05,71747.04,4.941,66.46
2016-01-06,72908.23,4.941,66.46
2016-01-07,74012.03,4.941,66.46
2016-01-08,73464.45,4.941,66.46
2016-01-11,73508.08,4.941,66.46
2016-01-12,72586.12,4.941,66.46
2016-01-13,72710.17,4.941,66.46
2016-01-14,73178.55,4.941,66.46
2016-01-15,73989.44,4.941,66.46
2016-01-18,73722.50,4.941,66.46
2016-01-19,73473.95,4.941,66.46
2016-01-20,74902.46,4.941,66.46
2016-01-21,74518.13,4.941,66.46
2016-01-22,74161.31,4.941,66.46
2016-01-25,75010.86,4.941,66.46
2016-01-26,75485.35,4.941,66.46
2016-01-27,75955.23,4.941,66.46
2016-01-28,75991.51,4.941,66.46
2016-01-29,75466.18,4.941,66.46
2016-02-01,76427.38,4.941,66.46
2016-02-02,76708.37,4.941,66.46
2016-02-03,77111.83,4.941,66.46
2016-02-04,78232.85,4.941,66.46
2016-02-05,77867.17,4.941,66.46
2016-02-08,81057.46,4.941,66.46
2016-02-09,80946.31,4.941,66.46
2016-02-10,80729.60,4.941,66.46
2016-02-11,84782.00,4.941,66.46
2016-02-12,84557.13,4.941,66.46
2016-02-15,82199.87,4.941,66.46
2016-02-16,82729.79,4.941,66.46
2016-02-17,82782.14,4.941,66.46
2016-02-18,82891.84,4.941,66.46
2016-02-19,84333.77,4.941,66.46
2016-02-22,83035.23,4.941,66.46
2016-02-23,83717.42,4.941,66.46
2016-02-24,85757.66,4.941,66.46
2016-02-25,84944.09,4.941,66.46
2016-02-26,84291.20,4.941,66.46
2016-02-29,84498.01,4.941,66.46
2016-03-01,83989.25,4.941,66.46
2016-03-02,83763.70,4.941,66.46
2016-03-03,84204.33,4.941,66.46
2016-03-04,85803.28,4.941,66.46
2016-03-07,85158.49,4.941,66.46
2016-03-08,85376.79,4.941,66.46
2016-03-09,83770.53,4.941,66.46
2016-03-10,84906.15,4.941,66.46
2016-03-11,84877.35,4.941,66.46
2016-03-14,83397.84,4.941,66.46
2016-03-15,83021.40,4.941,66.46
2016-03-16,82598.18,4.941,66.46
2016-03-17,84462.87,4.941,66.46
2016-03-18,83324.10,4.941,66.46
2016-03-21,82760.94,4.941,66.46
2016-03-22,83585.57,4.941,66.46
2016-03-23,81207.81,4.941,66.46
2016-03-24,81434.59,4.941,66.46
2016-03-25,81434.59,4.941,66.46
2016-03-28,81294.16,4.941,66.46
2016-03-29,81519.80,4.941,66.46
2016-03-30,82059.17,4.941,66.46
2016-03-31,81917.22,4.941,66.46
2016-04-01,80367.60,4.941,66.46
2016-04-04,80790.12,4.941,66.46
2016-04-05,81859.64,4.941,66.46
2016-04-06,81449.05,4.941,66.46
2016-04-07,82636.90,4.941,66.46
2016-04-08,82463.93,4.941,66.46
2016-04-11,83374.99,4.941,66.46
2016-04-12,83368.16,4.941,66.46
2016-04-13,82973.17,4.941,66.46
2016-04-14,82180.56,4.941,66.46
2016-04-15,81730.98,4.941,66.46
2016-04-18,82148.81,4.941,66.46
2016-04-19,83553.13,4.941,66.46
2016-04-20,82901.18,4.941,66.46
2016-04-21,82906.46,4.941,66.46
2016-04-22,82719.62,4.941,66.46
2016-04-25,82603.64,4.941,66.46
2016-04-26,82604.08,4.941,66.46
2016-04-27,82895.94,4.941,66.46
2016-04-28,83555.39,4.941,66.46
2016-04-29,85277.14,4.941,66.46
2016-05-02,85386.43,4.941,66.46
2016-05-03,85992.75,4.941,66.46
2016-05-04,85460.61,4.941,66.46
2016-05-05,85191.03,4.941,66.46
2016-05-06,85828.05,4.941,66.46
2016-05-09,84180.23,4.941,66.46
2016-05-10,84146.66,4.941,66.46
2016-05-11,85044.58,4.941,66.46
2016-05-12,85255.60,4.941,66.46
2016-05-13,84520.95,4.941,66.46
2016-05-16,85905.76,4.941,66.46
2016-05-17,85335.52,4.941,66.46
2016-05-18,85258.83,4.941,66.46
2016-05-19,83966.09,4.941,66.46
2016-05-20,84627.13,4.941,66.46
2016-05-23,84054.63,4.941,66.46
2016-05-24,83697.63,4.941,66.46
2016-05-25,82247.06,4.941,66.46
2016-05-26,82175.39,4.941,66.46
2016-05-27,81534.35,4.941,66.46
2016-05-30,81750.24,4.941,66.46
2016-05-31,81556.12,4.941,66.46
2016-06-01,81884.61,4.941,66.46
2016-06-02,81589.97,4.941,66.46
2016-06-03,83504.24,4.941,66.46
2016-06-06,83397.75,4.941,66.46
2016-06-07,82842.94,4.941,66.46
2016-06-08,84193.15,4.941,66.46
2016-06-09,84371.62,4.941,66.46
2016-06-10,85193.83,4.941,66.46
2016-06-13,85948.07,4.941,66.46
2016-06-14,86567.25,4.941,66.46
2016-06-15,86141.50,4.941,66.46
2016-06-16,88180.70,4.941,66.46
2016-06-17,86593.06,4.941,66.46
2016-06-20,86367.66,4.941,66.46
2016-06-21,85925.93,4.941,66.46
2016-06-22,85317.28,4.941,66.46
2016-06-23,84911.13,4.941,66.46
2016-06-24,89302.71,4.941,66.46
2016-06-27,90032.95,4.941,66.46
2016-06-28,88974.46,4.941,66.46
2016-06-29,89458.93,4.941,66.46
2016-06-30,89144.01,4.941,66.46
2016-07-01,90242.28,4.941,66.46
2016-07-04,90875.08,4.941,66.46
2016-07-05,91145.22,4.941,66.46
2016-07-06,92191.13,4.941,66.46
2016-07-07,91428.01,4.941,66.46
2016-07-08,91222.26,4.941,66.46
2016-07-11,91158.09,4.941,66.46
2016-07-12,90148.86,4.941,66.46
2016-07-13,90024.67,4.941,66.46
2016-07-14,88575.30,4.941,66.46
2016-07-15,88988.62,4.941,66.46
2016-07-18,89678.47,4.941,66.46
2016-07-19,89369.92,4.941,66.46
2016-07-20,88428.47,4.941,66.46
2016-07-21,88781.27,4.941,66.46
2016-07-22,88632.23,4.941,66.46
2016-07-25,88397.95,4.941,66.46
2016-07-26,88991.59,4.941,66.46
2016-07-27,89248.99,4.941,66.46
2016-07-28,90001.23,4.941,66.46
2016-07-29,89893.85,4.941,66.46
2016-08-01,90109.37,4.941,66.46
2016-08-02,91023.49,4.941,66.46
2016-08-03,91008.91,4.941,66.46
2016-08-04,91229.29,4.941,66.46
2016-08-05,89503.52,4.941,66.46
2016-08-08,89336.64,4.941,66.46
2016-08-09,89677.70,4.941,66.46
2016-08-10,89881.47,4.941,66.46
2016-08-11,90547.87,4.941,66.46
2016-08-12,90401.32,4.941,66.46
2016-08-15,89545.57,4.941,66.46
2016-08-16,89738.87,4.941,66.46
2016-08-17,89695.46,4.941,66.46
2016-08-18,90203.56,4.941,66.46
2016-08-19,90259.27,4.941,66.46
2016-08-22,89755.77,4.941,66.46
2016-08-23,89987.80,4.941,66.46
2016-08-24,89078.37,4.941,66.46
2016-08-25,88576.62,4.941,66.46
2016-08-26,88428.77,4.941,66.46
2016-08-29,88613.40,4.941,66.46
2016-08-30,88390.18,4.941,66.46
2016-08-31,87680.45,4.941,66.46
2016-09-01,87729.95,4.941,66.46
2016-09-02,88559.49,4.941,66.46
2016-09-05,88669.79,4.941,66.46
2016-09-06,88977.26,4.941,66.46
2016-09-07,89500.08,4.941,66.46
2016-09-08,89221.90,4.941,66.46
2016-09-09,88822.57,4.941,66.46
2016-09-12,88622.35,4.941,66.46
2016-09-13,88558.80,4.941,66.46
2016-09-14,88403.59,4.941,66.46
2016-09-15,87790.80,4.941,66.46
2016-09-16,87672.52,4.941,66.46
2016-09-19,88062.06,4.941,66.46
2016-09-20,88054.14,4.941,66.46
2016-09-21,88868.58,4.941,66.46
2016-09-22,89338.04,4.941,66.46
2016-09-23,89221.01,4.941,66.46
2016-09-26,89344.32,4.941,66.46
2016-09-27,88205.67,4.941,66.46
2016-09-28,87899.96,4.941,66.46
2016-09-29,88157.80,4.941,66.46
2016-09-30,88052.03,4.941,66.46
2016-10-03,87383.67,4.941,66.46
2016-10-04,85371.51,4.941,66.46
2016-10-05,84472.21,4.941,66.46
2016-10-06,83656.33,4.941,66.46
2016-10-07,83991.66,4.941,66.46
2016-10-10,83835.78,4.941,66.46
2016-10-11,83433.07,4.941,66.46
2016-10-12,83636.09,4.941,66.46
2016-10-13,84383.14,4.941,66.46
2016-10-14,83516.74,4.941,66.46
2016-10-17,83880.22,4.941,66.46
2016-10-18,83916.90,4.941,66.46
2016-10-19,84640.85,4.941,66.46
2016-10-20,84971.64,4.941,66.46
2016-10-21,84668.97,4.941,66.46
2016-10-24,84575.36,4.941,66.46
2016-10-25,84856.20,4.941,66.46
2016-10-26,84893.46,4.941,66.46
2016-10-27,84655.14,4.941,66.46
2016-10-28,85019.21,4.941,66.46
2016-10-31,84952.43,4.941,66.46
2016-11-01,85987.91,4.941,66.46
2016-11-02,87048.37,4.941,66.46
2016-11-03,86835.24,4.941,66.46
2016-11-04,86957.31,4.941,66.46
2016-11-07,85624.25,4.941,66.46
2016-11-08,85436.56,4.941,66.46
2016-11-09,85181.05,4.941,66.46
2016-11-10,84401.49,4.941,66.46
2016-11-11,83021.42,4.941,66.46
2016-11-14,81487.15,4.941,66.46
2016-11-15,83072.17,4.941,66.46
2016-11-16,83395.05,4.941,66.46
2016-11-17,83173.64,4.941,66.46
2016-11-18,82535.70,4.941,66.46
2016-11-21,82710.44,4.941,66.46
2016-11-22,82657.26,4.941,66.46
2016-11-23,81204.15,4.941,66.46
2016-11-24,81538.43,4.941,66.46
2016-11-25,81308.44,4.941,66.46
2016-11-28,81600.31,4.941,66.46
2016-11-29,81495.49,4.941,66.46
2016-11-30,80639.69,4.941,66.46
2016-12-01,79437.12,4.941,66.46
2016-12-02,80079.63,4.941,66.46
2016-12-05,79327.68,4.941,66.46
2016-12-06,79636.72,4.941,66.46
2016-12-07,79765.17,4.941,66.46
2016-12-08,78858.49,4.941,66.46
2016-12-09,78486.26,4.941,66.46
2016-12-12,77980.38,4.941,66.46
2016-12-13,78235.65,4.941,66.46
2016-12-14,78492.54,4.941,66.46
2016-12-15,76466.64,4.941,66.46
2016-12-16,76671.54,4.941,66.46
2016-12-19,77062.17,4.941,66.46
2016-12-20,76580.18,4.941,66.46
2016-12-21,76954.98,4.941,66.46
2016-12-22,76954.35,4.941,66.46
2016-12-23,76730.40,4.941,66.46
2016-12-26,76730.40,4.941,66.46
2016-12-27,76991.17,4.941,66.46
2016-12-28,77351.33,4.941,66.46
2016-12-29,78047.23,4.941,66.46
2016-12-30,77772.22,4.941,66.46
2017-01-02,77772.22,2.4909,67.79
2017-01-03,78647.81,2.4909,67.79
2017-01-04,79294.15,2.4909,67.79
2017-01-05,79984.36,2.4909,67.79
2017-01-06,79928.33,2.4909,67.79
2017-01-09,80410.81,2.4909,67.79
2017-01-10,81058.46,2.4909,67.79
2017-01-11,80527.36,2.4909,67.79
2017-01-12,82033.76,2.4909,67.79
2017-01-13,81187.80,2.4909,67.79
2017-01-16,81954.38,2.4909,67.79
2017-01-17,82673.13,2.4909,67.79
2017-01-18,82671.62,2.4909,67.79
2017-01-19,81525.73,2.4909,67.79
2017-01-20,81835.47,2.4909,67.79
2017-01-23,82692.09,2.4909,67.79
2017-01-24,82938.58,2.4909,67.79
2017-01-25,81351.41,2.4909,67.79
2017-01-26,80990.60,2.4909,67.79
2017-01-27,80648.58,2.4909,67.79
2017-01-30,81080.56,2.4909,67.79
2017-01-31,82282.39,2.4909,67.79
2017-02-01,81291.49,2.4909,67.79
2017-02-02,82371.63,2.4909,67.79
2017-02-03,81789.02,2.4909,67.79
2017-02-06,82442.18,2.4909,67.79
2017-02-07,82938.63,2.4909,67.79
2017-02-08,83515.67,2.4909,67.79
2017-02-09,82766.64,2.4909,67.79
2017-02-10,82090.33,2.4909,67.79
2017-02-13,81884.63,2.4909,67.79
2017-02-14,82392.55,2.4909,67.79
2017-02-15,81906.22,2.4909,67.79
2017-02-16,83172.66,2.4909,67.79
2017-02-17,83226.17,2.4909,67.79
2017-02-20,82793.91,2.4909,67.79
2017-02-21,82519.57,2.4909,67.79
2017-02-22,82827.71,2.4909,67.79
2017-02-23,83397.13,2.4909,67.79
2017-02-24,83781.41,2.4909,67.79
2017-02-27,83933.81,2.4909,67.79
2017-02-28,83772.05,2.4909,67.79
2017-03-01,82889.72,2.4909,67.79
2017-03-02,82575.06,2.4909,67.79
2017-03-03,81945.53,2.4909,67.79
2017-03-06,82128.96,2.4909,67.79
2017-03-07,81120.12,2.4909,67.79
2017-03-08,80665.72,2.4909,67.79
2017-03-09,80537.20,2.4909,67.79
2017-03-10,80061.90,2.4909,67.79
2017-03-13,80165.09,2.4909,67.79
2017-03-14,79410.22,2.4909,67.79
2017-03-15,78755.14,2.4909,67.79
2017-03-16,80479.38,2.4909,67.79
2017-03-17,80520.33,2.4909,67.79
2017-03-20,80537.32,2.4909,67.79
2017-03-21,81001.96,2.4909,67.79
2017-03-22,81748.74,2.4909,67.79
2017-03-23,81767.39,2.4909,67.79
2017-03-24,81600.52,2.4909,67.79
2017-03-27,81860.19,2.4909,67.79
2017-03-28,81840.67,2.4909,67.79
2017-03-29,81218.27,2.4909,67.79
2017-03-30,81078.31,2.4909,67.79
2017-03-31,80834.32,2.4909,67.79
2017-04-03,81121.13,2.4909,67.79
2017-04-04,81797.54,2.4909,67.79
2017-04-05,80871.09,2.4909,67.79
2017-04-06,80961.60,2.4909,67.79
2017-04-07,81325.08,2.4909,67.79
2017-04-10,80684.46,2.4909,67.79
2017-04-11,80780.71,2.4909,67.79
2017-04-12,82440.82,2.4909,67.79
2017-04-13,82718.51,2.4909,67.79
2017-04-14,82718.51,2.4909,67.79
2017-04-17,82744.20,2.4909,67.79
2017-04-18,82594.57,2.4909,67.79
2017-04-19,82594.64,2.4909,67.79
2017-04-20,82826.85,2.4909,67.79
2017-04-21,82791.47,2.4909,67.79
2017-04-24,81804.88,2.4909,67.79
2017-04-25,81494.17,2.4909,67.79
2017-04-26,80890.88,2.4909,67.79
2017-04-27,80994.40,2.4909,67.79
2017-04-28,81470.71,2.4909,67.79
2017-05-01,81470.71,2.4909,67.79
2017-05-02,80624.98,2.4909,67.79
2017-05-03,80195.77,2.4909,67.79
2017-05-04,78835.76,2.4909,67.79
2017-05-05,79031.14,2.4909,67.79
2017-05-08,79066.90,2.4909,67.79
2017-05-09,78923.26,2.4909,67.79
2017-05-10,79088.17,2.4909,67.79
2017-05-11,78752.50,2.4909,67.79
2017-05-12,79218.62,2.4909,67.79
2017-05-15,79082.26,2.4909,67.79
2017-05-16,79096.78,2.4909,67.79
2017-05-17,80655.90,2.4909,67.79
2017-05-18,81441.95,2.4909,67.79
2017-05-19,80954.31,2.4909,67.79
2017-05-22,81249.31,2.4909,67.79
2017-05-23,81688.67,2.4909,67.79
2017-05-24,81129.53,2.4909,67.79
2017-05-25,81224.10,2.4909,67.79
2017-05-26,81507.15,2.4909,67.79
2017-05-29,81583.05,2.4909,67.79
2017-05-30,81617.76,2.4909,67.79
2017-05-31,81695.21,2.4909,67.79
2017-06-01,81636.57,2.4909,67.79
2017-06-02,82186.45,2.4909,67.79
2017-06-05,82375.65,2.4909,67.79
2017-06-06,83343.43,2.4909,67.79
2017-06-07,83029.03,2.4909,67.79
2017-06-08,81879.34,2.4909,67.79
2017-06-09,81391.65,2.4909,67.79
2017-06-12,81620.98,2.4909,67.79
2017-06-13,81241.25,2.4909,67.79
2017-06-14,81992.00,2.4909,67.79
2017-06-15,80840.05,2.4909,67.79
2017-06-16,80875.98,2.4909,67.79
2017-06-19,80387.09,2.4909,67.79
2017-06-20,80079.97,2.4909,67.79
2017-06-21,80152.36,2.4909,67.79
2017-06-22,80743.81,2.4909,67.79
2017-06-23,81005.20,2.4909,67.79
2017-06-26,80331.07,2.4909,67.79
2017-06-27,80591.27,2.4909,67.79
2017-06-28,80591.16,2.4909,67.79
2017-06-29,80315.48,2.4909,67.79
2017-06-30,80295.93,2.4909,67.79
2017-07-03,79727.62,2.4909,67.79
2017-07-04,79190.38,2.4909,67.79
2017-07-05,79063.22,2.4909,67.79
2017-07-06,79329.11,2.4909,67.79
2017-07-07,78532.49,2.4909,67.79
2017-07-10,78208.43,2.4909,67.79
2017-07-11,78203.54,2.4909,67.79
2017-07-12,78682.66,2.4909,67.79
2017-07-13,78542.86,2.4909,67.79
2017-07-14,79306.65,2.4909,67.79
2017-07-17,79439.00,2.4909,67.79
2017-07-18,79823.64,2.4909,67.79
2017-07-19,79901.29,2.4909,67.79
2017-07-20,79816.23,2.4909,67.79
2017-07-21,80317.63,2.4909,67.79
2017-07-24,80769.50,2.4909,67.79
2017-07-25,80762.96,2.4909,67.79
2017-07-26,80330.81,2.4909,67.79
2017-07-27,80842.80,2.4909,67.79
2017-07-28,81167.04,2.4909,67.79
2017-07-31,81314.90,2.4909,67.79
2017-08-01,81431.34,2.4909,67.79
2017-08-02,80777.65,2.4909,67.79
2017-08-03,80744.66,2.4909,67.79
2017-08-04,80027.43,2.4909,67.79
2017-08-07,80287.12,2.4909,67.79
2017-08-08,80300.94,2.4909,67.79
2017-08-09,81143.81,2.4909,67.79
2017-08-10,82272.23,2.4909,67.79
2017-08-11,82479.18,2.4909,67.79
2017-08-14,82217.85,2.4909,67.79
2017-08-15,81448.44,2.4909,67.79
2017-08-16,81658.03,2.4909,67.79
2017-08-17,82453.59,2.4909,67.79
2017-08-18,83089.92,2.4909,67.79
2017-08-21,82897.50,2.4909,67.79
2017-08-22,82357.34,2.4909,67.79
2017-08-23,82499.99,2.4909,67.79
2017-08-24,82544.33,2.4909,67.79
2017-08-25,82307.37,2.4909,67.79
2017-08-28,82133.87,2.4909,67.79
2017-08-29,84419.95,2.4909,67.79
2017-08-30,83698.20,2.4909,67.79
2017-08-31,83855.24,2.4909,67.79
2017-09-01,84535.09,2.4909,67.79
2017-09-04,85400.04,2.4909,67.79
2017-09-05,85633.78,2.4909,67.79
2017-09-06,85782.93,2.4909,67.79
2017-09-07,86041.09,2.4909,67.79
2017-09-08,85937.86,2.4909,67.79
2017-09-11,85275.38,2.4909,67.79
2017-09-12,84942.09,2.4909,67.79
2017-09-13,84961.53,2.4909,67.79
2017-09-14,84887.08,2.4909,67.79
2017-09-15,84819.47,2.4909,67.79
2017-09-18,84135.12,2.4909,67.79
2017-09-19,84215.45,2.4909,67.79
2017-09-20,84283.79,2.4909,67.79
2017-09-21,83728.05,2.4909,67.79
2017-09-22,83890.07,2.4909,67.79
2017-09-25,84232.60,2.4909,67.79
2017-09-26,85003.75,2.4909,67.79
2017-09-27,84258.70,2.4909,67.79
2017-09-28,84094.70,2.4909,67.79
2017-09-29,83812.07,2.4909,67.79
2017-10-02,83198.07,2.4909,67.79
2017-10-03,83244.63,2.4909,67.79
2017-10-04,82807.12,2.4909,67.79
2017-10-05,82941.27,2.4909,67.79
2017-10-06,82442.20,2.4909,67.79
2017-10-09,83599.86,2.4909,67.79
2017-10-10,84270.29,2.4909,67.79
2017-10-11,84004.29,2.4909,67.79
2017-10-12,83982.62,2.4909,67.79
2017-10-13,84360.58,2.4909,67.79
2017-10-16,84385.40,2.4909,67.79
2017-10-17,83425.24,2.4909,67.79
2017-10-18,83358.61,2.4909,67.79
2017-10-19,83762.31,2.4909,67.79
2017-10-20,83423.72,2.4909,67.79
2017-10-23,82873.26,2.4909,67.79
2017-10-24,83059.43,2.4909,67.79
2017-10-25,82816.01,2.4909,67.79
2017-10-26,82570.51,2.4909,67.79
2017-10-27,82355.65,2.4909,67.79
2017-10-30,82486.01,2.4909,67.79
2017-10-31,82269.18,2.4909,67.79
2017-11-01,82486.49,2.4909,67.79
2017-11-02,82711.45,2.4909,67.79
2017-11-03,81843.68,2.4909,67.79
2017-11-06,82228.81,2.4909,67.79
2017-11-07,82931.53,2.4909,67.79
2017-11-08,83418.27,2.4909,67.79
2017-11-09,83467.01,2.4909,67.79
2017-11-10,83659.29,2.4909,67.79
2017-11-13,83603.48,2.4909,67.79
2017-11-14,83365.20,2.4909,67.79
2017-11-15,83647.50,2.4909,67.79
2017-11-16,83543.98,2.4909,67.79
2017-11-17,83563.01,2.4909,67.79
2017-11-20,83725.17,2.4909,67.79
2017-11-21,83303.79,2.4909,67.79
2017-11-22,83572.90,2.4909,67.79
2017-11-23,83419.50,2.4909,67.79
2017-11-24,83484.04,2.4909,67.79
2017-11-27,83598.73,2.4909,67.79
2017-11-28,83230.64,2.4909,67.79
2017-11-29,82633.38,2.4909,67.79
2017-11-30,82547.29,2.4909,67.79
2017-12-01,82244.23,2.4909,67.79
2017-12-04,82005.39,2.4909,67.79
2017-12-05,81541.78,2.4909,67.79
2017-12-06,81539.48,2.4909,67.79
2017-12-07,81046.31,2.4909,67.79
2017-12-08,80624.71,2.4909,67.79
2017-12-11,80269.67,2.4909,67.79
2017-12-12,79926.35,2.4909,67.79
2017-12-13,80088.78,2.4909,67.79
2017-12-14,80492.47,2.4909,67.79
2017-12-15,80429.26,2.4909,67.79
2017-12-18,80924.20,2.4909,67.79
2017-12-19,80755.34,2.4909,67.79
2017-12-20,81041.83,2.4909,67.79
2017-12-21,81027.61,2.4909,67.79
2017-12-22,81022.86,2.4909,67.79
2017-12-25,81022.86,2.4909,67.79
2017-12-26,81070.27,2.4909,67.79
2017-12-27,82087.88,2.4909,67.79
2017-12-28,82761.16,2.4909,67.79
2017-12-29,82401.30,2.4909,67.79
2018-01-01,82401.30,4.8607,70.09
2018-01-02,83245.29,4.8607,70.09
2018-01-03,83548.73,4.8607,70.09
2018-01-04,83334.36,4.8607,70.09
2018-01-05,83462.84,4.8607,70.09
2018-01-08,83674.91,4.8607,70.09
2018-01-09,83495.93,4.8607,70.09
2018-01-10,83944.34,4.8607,70.09
2018-01-11,84228.65,4.8607,70.09
2018-01-12,84417.64,4.8607,70.09
2018-01-15,84983.77,4.8607,70.09
2018-01-16,85426.41,4.8607,70.09
2018-01-17,85296.25,4.8607,70.09
2018-01-18,85045.97,4.8607,70.09
2018-01-19,85149.77,4.8607,70.09
2018-01-22,85084.82,4.8607,70.09
2018-01-23,85064.24,4.8607,70.09
2018-01-24,86195.13,4.8607,70.09
2018-01-25,86151.09,4.8607,70.09
2018-01-26,86036.64,4.8607,70.09
2018-01-29,85386.53,4.8607,70.09
2018-01-30,85586.06,4.8607,70.09
2018-01-31,85550.20,4.8607,70.09
2018-02-01,85641.82,4.8607,70.09
2018-02-02,85285.10,4.8607,70.09
2018-02-05,85420.39,4.8607,70.09
2018-02-06,85474.20,4.8607,70.09
2018-02-07,85151.79,4.8607,70.09
2018-02-08,84537.39,4.8607,70.09
2018-02-09,84659.22,4.8607,70.09
2018-02-12,85055.28,4.8607,70.09
2018-02-13,85251.47,4.8607,70.09
2018-02-14,85615.20,4.8607,70.09
2018-02-15,86467.19,4.8607,70.09
2018-02-16,86777.76,4.8607,70.09
2018-02-19,86424.77,4.8607,70.09
2018-02-20,86812.22,4.8607,70.09
2018-02-21,86144.88,4.8607,70.09
2018-02-22,86356.02,4.8607,70.09
2018-02-23,85931.63,4.8607,70.09
2018-02-26,86284.10,4.8607,70.09
2018-02-27,86006.37,4.8607,70.09
2018-02-28,85852.96,4.8607,70.09
2018-03-01,85297.98,4.8607,70.09
2018-03-02,86246.99,4.8607,70.09
2018-03-05,85982.78,4.8607,70.09
2018-03-06,86647.49,4.8607,70.09
2018-03-07,86258.11,4.8607,70.09
2018-03-08,85980.58,4.8607,70.09
2018-03-09,86050.27,4.8607,70.09
2018-03-12,85781.34,4.8607,70.09
2018-03-13,85816.70,4.8607,70.09
2018-03-14,85825.57,4.8607,70.09
2018-03-15,85606.65,4.8607,70.09
2018-03-16,85130.28,4.8607,70.09
2018-03-19,85449.04,4.8607,70.09
2018-03-20,85478.50,4.8607,70.09
2018-03-21,86165.21,4.8607,70.09
2018-03-22,86560.89,4.8607,70.09
2018-03-23,87562.65,4.8607,70.09
2018-03-26,87739.50,4.8607,70.09
2018-03-27,87134.13,4.8607,70.09
2018-03-28,86904.64,4.8607,70.09
2018-03-29,86343.73,4.8607,70.09
2018-03-30,86343.73,4.8607,70.09
2018-04-02,86343.73,4.8607,70.09
2018-04-03,86712.91,4.8607,70.09
2018-04-04,87145.13,4.8607,70.09
2018-04-05,86303.80,4.8607,70.09
2018-04-06,86506.63,4.8607,70.09
2018-04-09,86585.06,4.8607,70.09
2018-04-10,87040.10,4.8607,70.09
2018-04-11,88091.86,4.8607,70.09
2018-04-12,87586.77,4.8607,70.09
2018-04-13,87632.75,4.8607,70.09
2018-04-16,88335.18,4.8607,70.09
2018-04-17,88128.98,4.8607,70.09
2018-04-18,88683.83,4.8607,70.09
2018-04-19,88667.07,4.8607,70.09
2018-04-20,88273.94,4.8607,70.09
2018-04-23,88007.98,4.8607,70.09
2018-04-24,88174.16,4.8607,70.09
2018-04-25,88375.42,4.8607,70.09
2018-04-26,88169.92,4.8607,70.09
2018-04-27,88196.90,4.8607,70.09
2018-04-30,87642.95,4.8607,70.09
2018-05-01,87235.83,4.8607,70.09
2018-05-02,86947.74,4.8607,70.09
2018-05-03,87595.45,4.8607,70.09
2018-05-04,87590.65,4.8607,70.09
2018-05-07,87954.03,4.8607,70.09
2018-05-08,87654.87,4.8607,70.09
2018-05-09,88404.02,4.8607,70.09
2018-05-10,88742.03,4.8607,70.09
2018-05-11,89118.81,4.8607,70.09
2018-05-14,89206.59,4.8607,70.09
2018-05-15,88050.28,4.8607,70.09
2018-05-16,87580.64,4.8607,70.09
2018-05-17,87292.69,4.8607,70.09
2018-05-18,87644.65,4.8607,70.09
2018-05-21,87765.61,4.8607,70.09
2018-05-22,88011.42,4.8607,70.09
2018-05-23,88167.59,4.8607,70.09
2018-05-24,89153.86,4.8607,70.09
2018-05-25,88369.15,4.8607,70.09
2018-05-28,87824.92,4.8607,70.09
2018-05-29,87962.82,4.8607,70.09
2018-05-30,87774.48,4.8607,70.09
2018-05-31,88088.27,4.8607,70.09
2018-06-01,86851.46,4.8607,70.09
2018-06-04,86986.21,4.8607,70.09
2018-06-05,86796.66,4.8607,70.09
2018-06-06,87067.67,4.8607,70.09
2018-06-07,87048.71,4.8607,70.09
2018-06-08,87865.55,4.8607,70.09
2018-06-11,87622.25,4.8607,70.09
2018-06-12,87639.37,4.8607,70.09
2018-06-13,87666.71,4.8607,70.09
2018-06-14,88160.33,4.8607,70.09
2018-06-15,87390.57,4.8607,70.09
2018-06-18,87196.64,4.8607,70.09
2018-06-19,87145.07,4.8607,70.09
2018-06-20,86753.89,4.8607,70.09
2018-06-21,86199.47,4.8607,70.09
2018-06-22,86102.30,4.8607,70.09
2018-06-25,86465.07,4.8607,70.09
2018-06-26,85924.08,4.8607,70.09
2018-06-27,86076.53,4.8607,70.09
2018-06-28,86017.45,4.8607,70.09
2018-06-29,85674.58,4.8607,70.09
2018-07-02,85772.19,4.8607,70.09
2018-07-03,85876.30,4.8607,70.09
2018-07-04,86319.65,4.8607,70.09
2018-07-05,86571.49,4.8607,70.09
2018-07-06,86494.23,4.8607,70.09
2018-07-09,86762.77,4.8607,70.09
2018-07-10,86306.55,4.8607,70.09
2018-07-11,86115.07,4.8607,70.09
2018-07-12,85393.97,4.8607,70.09
2018-07-13,85019.18,4.8607,70.09
2018-07-16,85187.54,4.8607,70.09
2018-07-17,84372.80,4.8607,70.09
2018-07-18,84042.02,4.8607,70.09
2018-07-19,84010.94,4.8607,70.09
2018-07-20,84679.30,4.8607,70.09
2018-07-23,84310.24,4.8607,70.09
2018-07-24,84587.23,4.8607,70.09
2018-07-25,84653.30,4.8607,70.09
2018-07-26,84359.27,4.8607,70.09
2018-07-27,84102.19,4.8607,70.09
2018-07-30,84027.67,4.8607,70.09
2018-07-31,83740.37,4.8607,70.09
2018-08-01,83448.15,4.8607,70.09
2018-08-02,83452.78,4.8607,70.09
2018-08-03,83649.49,4.8607,70.09
2018-08-06,83266.24,4.8607,70.09
2018-08-07,83245.99,4.8607,70.09
2018-08-08,83032.56,4.8607,70.09
2018-08-09,83379.56,4.8607,70.09
2018-08-10,83632.68,4.8607,70.09
2018-08-13,83838.42,4.8607,70.09
2018-08-14,83640.38,4.8607,70.09
2018-08-15,82592.25,4.8607,70.09
2018-08-16,82977.69,4.8607,70.09
2018-08-17,82837.09,4.8607,70.09
2018-08-20,82685.37,4.8607,70.09
2018-08-21,83175.94,4.8607,70.09
2018-08-22,83574.02,4.8607,70.09
2018-08-23,83607.57,4.8607,70.09
2018-08-24,83791.08,4.8607,70.09
2018-08-27,84024.64,4.8607,70.09
2018-08-28,85043.88,4.8607,70.09
2018-08-29,84992.42,4.8607,70.09
2018-08-30,84752.35,4.8607,70.09
2018-08-31,85285.25,4.8607,70.09
2018-09-03,85284.53,4.8607,70.09
2018-09-04,85113.00,4.8607,70.09
2018-09-05,85770.46,4.8607,70.09
2018-09-06,86660.81,4.8607,70.09
2018-09-07,85931.14,4.8607,70.09
2018-09-10,86645.78,4.8607,70.09
2018-09-11,86493.15,4.8607,70.09
2018-09-12,86296.89,4.8607,70.09
2018-09-13,87321.83,4.8607,70.09
2018-09-14,86348.08,4.8607,70.09
2018-09-17,87059.62,4.8607,70.09
2018-09-18,87290.54,4.8607,70.09
2018-09-19,87269.31,4.8607,70.09
2018-09-20,87635.57,4.8607,70.09
2018-09-21,86408.28,4.8607,70.09
2018-09-24,87301.60,4.8607,70.09
2018-09-25,87318.02,4.8607,70.09
2018-09-26,86648.80,4.8607,70.09
2018-09-27,86042.24,4.8607,70.09
2018-09-28,86063.74,4.8607,70.09
2018-10-01,86661.97,4.8607,70.09
2018-10-02,87780.45,4.8607,70.09
2018-10-03,87972.87,4.8607,70.09
2018-10-04,88682.21,4.8607,70.09
2018-10-05,88902.11,4.8607,70.09
2018-10-08,87898.08,4.8607,70.09
2018-10-09,88161.92,4.8607,70.09
2018-10-10,88164.38,4.8607,70.09
2018-10-11,89331.23,4.8607,70.09
2018-10-12,89813.23,4.8607,70.09
2018-10-15,90810.27,4.8607,70.09
2018-10-16,90573.35,4.8607,70.09
2018-10-17,90488.79,4.8607,70.09
2018-10-18,90043.38,4.8607,70.09
2018-10-19,90134.91,4.8607,70.09
2018-10-22,89796.25,4.8607,70.09
2018-10-23,90911.84,4.8607,70.09
2018-10-24,90088.54,4.8607,70.09
2018-10-25,90140.69,4.8607,70.09
2018-10-26,90524.47,4.8607,70.09
2018-10-29,90445.31,4.8607,70.09
2018-10-30,90302.77,4.8607,70.09
2018-10-31,89839.46,4.8607,70.09
2018-11-01,90535.67,4.8607,70.09
2018-11-02,89322.61,4.8607,70.09
2018-11-05,90102.11,4.8607,70.09
2018-11-06,89980.68,4.8607,70.09
2018-11-07,89860.14,4.8607,70.09
2018-11-08,89436.39,4.8607,70.09
2018-11-09,87802.26,4.8607,70.09
2018-11-12,87918.51,4.8607,70.09
2018-11-13,87344.56,4.8607,70.09
2018-11-14,86999.48,4.8607,70.09
2018-11-15,87228.95,4.8607,70.09
2018-11-16,87823.30,4.8607,70.09
2018-11-19,87463.48,4.8607,70.09
2018-11-20,87426.14,4.8607,70.09
2018-11-21,87647.73,4.8607,70.09
2018-11-22,87040.77,4.8607,70.09
2018-11-23,86799.60,4.8607,70.09
2018-11-26,86635.05,4.8607,70.09
2018-11-27,86431.95,4.8607,70.09
2018-11-28,85703.98,4.8607,70.09
2018-11-29,85635.16,4.8607,70.09
2018-11-30,84857.12,4.8607,70.09
2018-12-03,86579.27,4.8607,70.09
2018-12-04,87495.40,4.8607,70.09
2018-12-05,87174.19,4.8607,70.09
2018-12-06,88026.89,4.8607,70.09
2018-12-07,87985.20,4.8607,70.09
2018-12-10,88911.74,4.8607,70.09
2018-12-11,89479.45,4.8607,70.09
2018-12-12,89648.84,4.8607,70.09
2018-12-13,89086.53,4.8607,70.09
2018-12-14,88778.73,4.8607,70.09
2018-12-17,88877.28,4.8607,70.09
2018-12-18,88280.08,4.8607,70.09
2018-12-19,88358.27,4.8607,70.09
2018-12-20,88018.73,4.8607,70.09
2018-12-21,88064.20,4.8607,70.09
2018-12-24,88234.04,4.8607,70.09
2018-12-25,88234.04,4.8607,70.09
2018-12-26,88243.48,4.8607,70.09
2018-12-27,89199.03,4.8607,70.09
2018-12-28,89600.34,4.8607,70.09
2018-12-31,89293.37,4.8607,70.09
2019-01-01,89293.37,7.66,70.39
2019-01-02,89960.15,7.66,70.39
2019-01-03,90454.07,7.66,70.39
2019-01-04,89263.41,7.66,70.39
2019-01-07,90046.95,7.66,70.39
2019-01-08,90299.12,7.66,70.39
2019-01-09,90878.50,7.66,70.39
2019-01-10,91020.79,7.66,70.39
2019-01-11,90841.96,7.66,70.39
2019-01-14,91546.07,7.66,70.39
2019-01-15,91921.81,7.66,70.39
2019-01-16,92018.19,7.66,70.39
2019-01-17,91646.14,7.66,70.39
2019-01-18,91348.34,7.66,70.39
2019-01-21,91121.53,7.66,70.39
2019-01-22,91572.36,7.66,70.39
2019-01-23,91307.30,7.66,70.39
2019-01-24,91360.92,7.66,70.39
2019-01-25,92164.48,7.66,70.39
2019-01-28,92636.23,7.66,70.39
2019-01-29,92979.85,7.66,70.39
2019-01-30,93262.85,7.66,70.39
2019-01-31,94109.53,7.66,70.39
2019-02-01,94006.81,7.66,70.39
2019-02-04,94146.09,7.66,70.39
2019-02-05,94073.70,7.66,70.39
2019-02-06,93908.77,7.66,70.39
2019-02-07,93524.16,7.66,70.39
2019-02-08,93743.86,7.66,70.39
2019-02-11,92963.74,7.66,70.39
2019-02-12,92727.68,7.66,70.39
2019-02-13,92965.26,7.66,70.39
2019-02-14,93239.16,7.66,70.39
2019-02-15,93830.49,7.66,70.39
2019-02-18,94569.44,7.66,70.39
2019-02-19,95186.58,7.66,70.39
2019-02-20,95601.08,7.66,70.39
2019-02-21,94753.37,7.66,70.39
2019-02-22,94598.43,7.66,70.39
2019-02-25,94494.40,7.66,70.39
2019-02-26,94160.02,7.66,70.39
2019-02-27,94208.40,7.66,70.39
2019-02-28,93826.17,7.66,70.39
2019-03-01,92974.60,7.66,70.39
2019-03-04,91093.07,7.66,70.39
2019-03-05,90495.04,7.66,70.39
2019-03-06,90478.81,7.66,70.39
2019-03-07,90028.82,7.66,70.39
2019-03-08,90945.93,7.66,70.39
2019-03-11,90383.89,7.66,70.39
2019-03-12,90431.92,7.66,70.39
2019-03-13,90846.08,7.66,70.39
2019-03-14,89953.26,7.66,70.39
2019-03-15,90139.62,7.66,70.39
2019-03-18,89518.44,7.66,70.39
2019-03-19,90244.37,7.66,70.39
2019-03-20,89752.57,7.66,70.39
2019-03-21,90158.74,7.66,70.39
2019-03-22,90433.79,7.66,70.39
2019-03-25,90951.61,7.66,70.39
2019-03-26,90627.89,7.66,70.39
2019-03-27,90215.40,7.66,70.39
2019-03-28,89564.47,7.66,70.39
2019-03-29,89738.82,7.66,70.39
2019-04-01,89607.20,7.66,70.39
2019-04-02,88688.74,7.66,70.39
2019-04-03,88299.02,7.66,70.39
2019-04-04,88755.48,7.66,70.39
2019-04-05,89199.38,7.66,70.39
2019-04-08,90577.48,7.66,70.39
2019-04-09,90307.67,7.66,70.39
2019-04-10,90221.26,7.66,70.39
2019-04-11,89500.28,7.66,70.39
2019-04-12,89531.55,7.66,70.39
2019-04-15,89250.64,7.66,70.39
2019-04-16,88840.33,7.66,70.39
2019-04-17,88805.52,7.66,70.39
2019-04-18,88463.40,7.66,70.39
2019-04-19,88463.40,7.66,70.39
2019-04-22,88871.63,7.66,70.39
2019-04-23,88373.05,7.66,70.39
2019-04-24,88843.81,7.66,70.39
2019-04-25,89993.01,7.66,70.39
2019-04-26,89913.26,7.66,70.39
2019-04-29,89584.19,7.66,70.39
2019-04-30,89188.75,7.66,70.39
2019-05-01,89293.08,7.66,70.39
2019-05-02,88151.50,7.66,70.39
2019-05-03,88506.00,7.66,70.39
2019-05-06,88730.59,7.66,70.39
2019-05-07,88953.70,7.66,70.39
2019-05-08,89594.49,7.66,70.39
2019-05-09,89946.61,7.66,70.39
2019-05-10,89963.44,7.66,70.39
2019-05-13,91372.17,7.66,70.39
2019-05-14,91485.25,7.66,70.39
2019-05-15,91375.43,7.66,70.39
2019-05-16,90460.19,7.66,70.39
2019-05-17,89953.77,7.66,70.39
2019-05-20,89050.69,7.66,70.39
2019-05-21,88630.16,7.66,70.39
2019-05-22,88742.44,7.66,70.39
2019-05-23,89884.36,7.66,70.39
2019-05-24,89175.41,7.66,70.39
2019-05-27,89149.78,7.66,70.39
2019-05-28,89078.32,7.66,70.39
2019-05-29,89497.60,7.66,70.39
2019-05-30,89503.17,7.66,70.39
2019-05-31,90288.47,7.66,70.39
2019-06-03,91230.55,7.66,70.39
2019-06-04,91710.92,7.66,70.39
2019-06-05,92458.86,7.66,70.39
2019-06-06,92535.12,7.66,70.39
2019-06-07,93128.24,7.66,70.39
2019-06-10,92543.62,7.66,70.39
2019-06-11,91969.30,7.66,70.39
2019-06-12,92398.45,7.66,70.39
2019-06-13,92858.39,7.66,70.39
2019-06-14,94315.54,7.66,70.39
2019-06-17,93760.20,7.66,70.39
2019-06-18,93498.77,7.66,70.39
2019-06-19,93662.65,7.66,70.39
2019-06-20,95802.82,7.66,70.39
2019-06-21,97196.21,7.66,70.39
2019-06-24,97483.52,7.66,70.39
2019-06-25,99271.15,7.66,70.39
2019-06-26,97091.91,7.66,70.39
2019-06-27,96874.17,7.66,70.39
2019-06-28,97259.74,7.66,70.39
2019-07-01,95852.58,7.66,70.39
2019-07-02,95909.40,7.66,70.39
2019-07-03,97395.51,7.66,70.39
2019-07-04,96927.70,7.66,70.39
2019-07-05,95007.95,7.66,70.39
2019-07-08,96132.66,7.66,70.39
2019-07-09,95396.86,7.66,70.39
2019-07-10,96577.68,7.66,70.39
2019-07-11,96798.60,7.66,70.39
2019-07-12,96680.99,7.66,70.39
2019-07-15,96816.46,7.66,70.39
2019-07-16,96872.54,7.66,70.39
2019-07-17,97067.32,7.66,70.39
2019-07-18,97747.34,7.66,70.39
2019-07-19,99061.27,7.66,70.39
2019-07-22,98400.53,7.66,70.39
2019-07-23,98284.59,7.66,70.39
2019-07-24,98436.42,7.66,70.39
2019-07-25,97769.36,7.66,70.39
2019-07-26,97861.99,7.66,70.39
2019-07-29,97538.37,7.66,70.39
2019-07-30,98169.63,7.66,70.39
2019-07-31,98194.00,7.66,70.39
2019-08-01,97151.83,7.66,70.39
2019-08-02,100327.77,7.66,70.39
2019-08-05,103613.32,7.66,70.39
2019-08-06,103776.33,7.66,70.39
2019-08-07,106728.09,7.66,70.39
2019-08-08,105742.10,7.66,70.39
2019-08-09,105997.83,7.66,70.39
2019-08-12,106493.25,7.66,70.39
2019-08-13,106955.77,7.66,70.39
2019-08-14,107862.56,7.66,70.39
2019-08-15,108033.63,7.66,70.39
2019-08-16,107817.61,7.66,70.39
2019-08-19,106889.99,7.66,70.39
2019-08-20,107885.61,7.66,70.39
2019-08-21,107559.40,7.66,70.39
2019-08-22,107865.95,7.66,70.39
2019-08-23,107766.04,7.66,70.39
2019-08-26,108299.88,7.66,70.39
2019-08-27,109586.74,7.66,70.39
2019-08-28,110327.00,7.66,70.39
2019-08-29,110543.99,7.66,70.39
2019-08-30,109139.19,7.66,70.39
2019-09-02,108964.25,7.66,70.39
2019-09-03,111325.02,7.66,70.39
2019-09-04,111510.52,7.66,70.39
2019-09-05,109842.87,7.66,70.39
2019-09-06,109272.14,7.66,70.39
2019-09-09,108213.41,7.66,70.39
2019-09-10,107428.27,7.66,70.39
2019-09-11,106816.22,7.66,70.39
2019-09-12,107787.53,7.66,70.39
2019-09-13,106611.10,7.66,70.39
2019-09-16,107195.76,7.66,70.39
2019-09-17,107820.73,7.66,70.39
2019-09-18,107112.19,7.66,70.39
2019-09-19,107037.42,7.66,70.39
2019-09-20,106563.55,7.66,70.39
2019-09-23,107971.12,7.66,70.39
2019-09-24,108009.86,7.66,70.39
2019-09-25,108598.56,7.66,70.39
2019-09-26,106779.26,7.66,70.39
2019-09-27,105132.90,7.66,70.39
2019-09-30,105261.40,7.66,70.39
2019-10-01,104714.39,7.66,70.39
2019-10-02,106121.97,7.66,70.39
2019-10-03,107518.76,7.66,70.39
2019-10-04,106257.85,7.66,70.39
2019-10-07,106625.38,7.66,70.39
2019-10-08,106952.08,7.66,70.39
2019-10-09,107120.25,7.66,70.39
2019-10-10,106235.41,7.66,70.39
2019-10-11,105058.46,7.66,70.39
2019-10-14,106143.74,7.66,70.39
2019-10-15,106433.46,7.66,70.39
2019-10-16,106099.23,7.66,70.39
2019-10-17,106243.14,7.66,70.39
2019-10-18,106011.63,7.66,70.39
2019-10-21,106169.14,7.66,70.39
2019-10-22,105378.13,7.66,70.39
2019-10-23,105979.89,7.66,70.39
2019-10-24,106300.89,7.66,70.39
2019-10-25,107303.59,7.66,70.39
2019-10-28,105811.14,7.66,70.39
2019-10-29,105325.09,7.66,70.39
2019-10-30,105791.74,7.66,70.39
2019-10-31,107169.78,7.66,70.39
2019-11-01,106851.30,7.66,70.39
2019-11-04,106825.65,7.66,70.39
2019-11-05,105259.44,7.66,70.39
2019-11-06,105483.53,7.66,70.39
2019-11-07,105333.51,7.66,70.39
2019-11-08,104346.28,7.66,70.39
2019-11-11,104242.34,7.66,70.39
2019-11-12,103767.10,7.66,70.39
2019-11-13,105458.62,7.66,70.39
2019-11-14,105549.29,7.66,70.39
2019-11-15,105308.73,7.66,70.39
2019-11-18,105439.64,7.66,70.39
2019-11-19,105308.05,7.66,70.39
2019-11-20,105684.61,7.66,70.39
2019-11-21,105291.98,7.66,70.39
2019-11-22,105033.99,7.66,70.39
2019-11-25,104607.37,7.66,70.39
2019-11-26,103993.86,7.66,70.39
2019-11-27,103776.06,7.66,70.39
2019-11-28,104174.74,7.66,70.39
2019-11-29,104747.49,7.66,70.39
2019-12-02,104709.64,7.66,70.39
2019-12-03,105881.75,7.66,70.39
2019-12-04,105510.20,7.66,70.39
2019-12-05,105213.08,7.66,70.39
2019-12-06,103934.35,7.66,70.39
2019-12-09,103853.76,7.66,70.39
2019-12-10,103901.56,7.66,70.39
2019-12-11,103909.93,7.66,70.39
2019-12-12,103971.59,7.66,70.39
2019-12-13,103871.93,7.66,70.39
2019-12-16,104944.78,7.66,70.39
2019-12-17,104755.96,7.66,70.39
2019-12-18,104618.83,7.66,70.39
2019-12-19,104882.61,7.66,70.39
2019-12-20,105182.77,7.66,70.39
2019-12-23,105499.57,7.66,70.39
2019-12-24,105622.80,7.66,70.39
2019-12-25,105622.80,7.66,70.39
2019-12-26,105699.64,7.66,70.39
2019-12-27,107849.29,7.66,70.39
2019-12-30,108030.06,7.66,70.39
2019-12-31,108120.04,7.66,70.39
2020-01-01,108120.04,6.32,76.04
2020-01-02,108987.20,6.32,76.04
2020-01-03,111189.62,6.32,76.04
2020-01-06,113164.87,6.32,76.04
2020-01-07,112604.93,6.32,76.04
2020-01-08,112712.74,6.32,76.04
2020-01-09,110432.77,6.32,76.04
2020-01-10,110214.30,6.32,76.04
2020-01-13,109822.03,6.32,76.04
2020-01-14,109513.81,6.32,76.04
2020-01-15,109698.23,6.32,76.04
2020-01-16,110270.04,6.32,76.04
2020-01-17,110722.99,6.32,76.04
2020-01-20,110940.31,6.32,76.04
2020-01-21,110464.20,6.32,76.04
2020-01-22,110845.42,6.32,76.04
2020-01-23,111389.84,6.32,76.04
2020-01-24,111581.60,6.32,76.04
2020-01-27,112880.38,6.32,76.04
2020-01-28,112281.30,6.32,76.04
2020-01-29,112127.97,6.32,76.04
2020-01-30,112831.08,6.32,76.04
2020-01-31,113044.55,6.32,76.04
2020-02-03,112338.72,6.32,76.04
2020-02-04,111067.52,6.32,76.04
2020-02-05,110622.14,6.32,76.04
2020-02-06,111301.09,6.32,76.04
2020-02-07,112279.35,6.32,76.04
2020-02-10,112157.35,6.32,76.04
2020-02-11,111947.20,6.32,76.04
2020-02-12,111548.48,6.32,76.04
2020-02-13,112340.44,6.32,76.04
2020-02-14,112850.75,6.32,76.04
2020-02-17,112701.16,6.32,76.04
2020-02-18,113761.71,6.32,76.04
2020-02-19,114788.52,6.32,76.04
2020-02-20,115989.21,6.32,76.04
2020-02-21,117730.13,6.32,76.04
2020-02-24,120360.88,6.32,76.04
2020-02-25,118624.63,6.32,76.04
2020-02-26,117158.98,6.32,76.04
2020-02-27,118243.96,6.32,76.04
2020-02-28,116178.85,6.32,76.04
2020-03-02,116326.54,6.32,76.04
2020-03-03,118412.11,6.32,76.04
2020-03-04,120224.48,6.32,76.04
2020-03-05,121661.13,6.32,76.04
2020-03-06,124190.22,6.32,76.04
2020-03-09,123911.33,6.32,76.04
2020-03-10,122666.66,6.32,76.04
2020-03-11,121778.01,6.32,76.04
2020-03-12,116573.42,6.32,76.04
2020-03-13,115510.47,6.32,76.04
2020-03-16,110494.30,6.32,76.04
2020-03-17,114064.77,6.32,76.04
2020-03-18,111254.45,6.32,76.04
2020-03-19,110550.33,6.32,76.04
2020-03-20,112367.67,6.32,76.04
2020-03-23,116878.04,6.32,76.04
2020-03-24,121876.42,6.32,76.04
2020-03-25,121853.64,6.32,76.04
2020-03-26,122855.21,6.32,76.04
2020-03-27,121046.82,6.32,76.04
2020-03-30,122375.84,6.32,76.04
2020-03-31,121719.07,6.32,76.04
2020-04-01,119267.97,6.32,76.04
2020-04-02,122312.94,6.32,76.04
2020-04-03,122869.83,6.32,76.04
2020-04-06,125551.01,6.32,76.04
2020-04-07,124732.79,6.32,76.04
2020-04-08,125784.83,6.32,76.04
2020-04-09,128220.98,6.32,76.04
2020-04-10,128220.98,6.32,76.04
2020-04-13,128191.56,6.32,76.04
2020-04-14,132863.40,6.32,76.04
2020-04-15,131369.30,6.32,76.04
2020-04-16,132929.37,6.32,76.04
2020-04-17,129262.16,6.32,76.04
2020-04-20,129053.32,6.32,76.04
2020-04-21,129240.33,6.32,76.04
2020-04-22,131169.25,6.32,76.04
2020-04-23,132063.52,6.32,76.04
2020-04-24,131189.13,6.32,76.04
2020-04-27,130760.64,6.32,76.04
2020-04-28,128874.97,6.32,76.04
2020-04-29,128907.42,6.32,76.04
2020-04-30,127868.01,6.32,76.04
2020-05-01,126628.95,6.32,76.04
2020-05-04,129409.91,6.32,76.04
2020-05-05,128543.33,6.32,76.04
2020-05-06,128152.26,6.32,76.04
2020-05-07,129103.09,6.32,76.04
2020-05-08,128745.25,6.32,76.04
2020-05-11,128960.99,6.32,76.04
2020-05-12,128556.73,6.32,76.04
2020-05-13,128924.39,6.32,76.04
2020-05-14,130852.70,6.32,76.04
2020-05-15,131137.19,6.32,76.04
2020-05-18,131691.91,6.32,76.04
2020-05-19,131466.17,6.32,76.04
2020-05-20,132525.52,6.32,76.04
2020-05-21,130428.32,6.32,76.04
2020-05-22,131671.80,6.32,76.04
2020-05-25,131671.80,6.32,76.04
2020-05-26,130154.12,6.32,76.04
2020-05-27,128304.52,6.32,76.04
2020-05-28,130094.67,6.32,76.04
2020-05-29,130717.82,6.32,76.04