,Date,USD
0,2020-10-01, 74.230
1,2020-10-02, 74.482
2,2020-10-03, 74.443
3,2020-10-04, 74.343
4,2020-10-05, 74.450
5,2020-10-06, 74.566
6,2020-10-07, 74.613
7,2020-10-08, 74.722
8,2020-10-09, 74.783
9,2020-10-10, 74.747
10,2020-10-11, 74.646
11,2020-10-12, 74.541
12,2020-10-13, 74.401
13,2020-10-14, 74.461
14,2020-10-15, 74.644
15,2020-10-16, 74.578
16,2020-10-17, 74.599
17,2020-10-18, 74.601
18,2020-10-19, 74.546
19,2020-10-20, 74.583
20,2020-10-21, 74.544
21,2020-10-22, 74.567
22,2020-10-23, 74.570
23,2020-10-24, 74.522
24,2020-10-25, 74.436
25,2020-10-26, 74.444
26,2020-10-27, 74.488
27,2020-10-28, 74.485
28,2020-10-29, 74.623
29,2020-10-30, 74.672
30,2020-10-31, 74.766
31,2020-11-01, 74.463
32,2020-11-02, 74.268
33,2020-11-03, 74.248
34,2020-11-04, 74.334
35,2020-11-05, 74.380
36,2020-11-06, 74.525
37,2020-11-07, 74.524
38,2020-11-08, 74.517
39,2020-11-09, 74.655
40,2020-11-10, 74.692
41,2020-11-11, 74.745
42,2020-11-12, 74.964
43,2020-11-13, 75.065
44,2020-11-14, 74.954
45,2020-11-15, 74.725
46,2020-11-16, 74.703
47,2020-11-17, 74.597
48,2020-11-18, 74.673
49,2020-11-19, 74.662
50,2020-11-20, 74.617
51,2020-11-21, 74.440
52,2020-11-22, 74.316
53,2020-11-23, 74.209
54,2020-11-24, 74.263
55,2020-11-25, 74.248
56,2020-11-26, 74.222
57,2020-11-27, 74.168
58,2020-11-28, 74.120
59,2020-11-29, 73.918
60,2020-11-30, 73.960
61,2020-12-01, 73.998
62,2020-12-02, 73.973
63,2020-12-03, 74.174
64,2020-12-04, 74.211
65,2020-12-05, 74.145
66,2020-12-06, 74.241
67,2020-12-07, 74.332
68,2020-12-08, 74.470
69,2020-12-09, 74.415
70,2020-12-10, 74.556
71,2020-12-11, 74.592
72,2020-12-12, 74.560
73,2020-12-13, 74.348
74,2020-12-14, 74.462
75,2020-12-15, 74.417
76,2020-12-16, 74.500
77,2020-12-17, 74.468
78,2020-12-18, 74.258
79,2020-12-19, 74.073
80,2020-12-20, 74.030
81,2020-12-21, 74.022
82,2020-12-22, 74.050
83,2020-12-23, 74.089
84,2020-12-24, 74.107
85,2020-12-25, 74.177
86,2020-12-26, 74.129
87,2020-12-27, 74.232
88,2020-12-28, 74.197
89,2020-12-29, 74.119
90,2020-12-30, 74.108
91,2020-12-31, 74.038
92,2021-01-01, 73.981
93,2021-01-02, 73.989
94,2021-01-03, 74.190
95,2021-01-04, 74.115
96,2021-01-05, 74.033
97,2021-01-06, 74.105
98,2021-01-07, 74.138
99,2021-01-08, 74.305
100,2021-01-09, 74.339
101,2021-01-10, 74.250
102,2021-01-11, 74.276
103,2021-01-12, 74.248
104,2021-01-13, 74.200
105,2021-01-14, 74.352
106,2021-01-15, 74.430
107,2021-01-16, 74.642
108,2021-01-17, 74.640
109,2021-01-18, 74.694
110,2021-01-19, 74.734
111,2021-01-20, 74.751
112,2021-01-21, 74.816
113,2021-01-22, 74.858
114,2021-01-23, 74.828
115,2021-01-24, 74.740
116,2021-01-25, 74.729
117,2021-01-26, 74.737
118,2021-01-27, 74.779
119,2021-01-28, 74.823
120,2021-01-29, 74.882
121,2021-01-30, 74.978
122,2021-01-31, 74.852
123,2021-02-01, 75.129
124,2021-02-02, 75.256
125,2021-02-03, 75.245
126,2021-02-04, 75.261
127,2021-02-05, 75.274
128,2021-02-06, 75.280
129,2021-02-07, 75.337
130,2021-02-08, 75.390
131,2021-02-09, 75.338
132,2021-02-10, 75.299
133,2021-02-11, 75.294
134,2021-02-12, 75.164
135,2021-02-13, 75.135
136,2021-02-14, 75.217
137,2021-02-15, 75.308
138,2021-02-16, 75.465
139,2021-02-17, 75.431
140,2021-02-18, 75.574
141,2021-02-19, 75.674
142,2021-02-20, 75.733
143,2021-02-21, 75.751
144,2021-02-22, 75.840
145,2021-02-23, 75.802
146,2021-02-24, 75.847
147,2021-02-25, 75.792
148,2021-02-26, 75.773
149,2021-02-27, 75.831
150,2021-02-28, 76.018
151,2021-03-01, 76.050
152,2021-03-02, 76.215
153,2021-03-03, 76.406
154,2021-03-04, 76.510
155,2021-03-05, 76.454
156,2021-03-06, 76.418
157,2021-03-07, 76.339
158,2021-03-08, 76.409
159,2021-03-09, 76.516
160,2021-03-10, 76.386
161,2021-03-11, 76.369
162,2021-03-12, 76.444
163,2021-03-13, 76.315
164,2021-03-14, 76.214
165,2021-03-15, 76.151
166,2021-03-16, 76.222
167,2021-03-17, 76.227
168,2021-03-18, 76.268
169,2021-03-19, 76.560
170,2021-03-20, 76.663
171,2021-03-21, 76.700
172,2021-03-22, 76.824
173,2021-03-23, 77.104
174,2021-03-24, 77.073
175,2021-03-25, 77.021
176,2021-03-26, 76.707
177,2021-03-27, 76.605
178,2021-03-28, 76.673
179,2021-03-29, 76.851
180,2021-03-30, 77.038
181,2021-03-31, 77.039
182,2021-04-01, 77.272
183,2021-04-02, 77.212
184,2021-04-03, 77.049
185,2021-04-04, 77.188
186,2021-04-05, 77.299
187,2021-04-06, 77.257
188,2021-04-07, 77.104
189,2021-04-08, 77.332
190,2021-04-09, 77.347
191,2021-04-10, 77.254
192,2021-04-11, 77.296
193,2021-04-12, 77.440
194,2021-04-13, 77.490
195,2021-04-14, 77.455
196,2021-04-15, 77.602
197,2021-04-16, 77.882
198,2021-04-17, 77.827
199,2021-04-18, 77.831
200,2021-04-19, 77.918
201,2021-04-20, 78.068
202,2021-04-21, 78.201
203,2021-04-22, 78.217
204,2021-04-23, 78.142
205,2021-04-24, 78.268
206,2021-04-25, 78.459
207,2021-04-26, 78.458
208,2021-04-27, 78.374
209,2021-04-28, 78.323
210,2021-04-29, 78.167
211,2021-04-30, 77.953
212,2021-05-01, 78.132
213,2021-05-02, 78.107
214,2021-05-03, 77.996
215,2021-05-04, 78.109
216,2021-05-05, 78.140
217,2021-05-06, 78.282
218,2021-05-07, 78.417
219,2021-05-08, 78.371
220,2021-05-09, 78.518
221,2021-05-10, 78.533
222,2021-05-11, 78.675
223,2021-05-12, 78.601
224,2021-05-13, 78.739
225,2021-05-14, 78.826
226,2021-05-15, 78.997
227,2021-05-16, 78.975
228,2021-05-17, 79.012
229,2021-05-18, 79.119
230,2021-05-19, 79.112
231,2021-05-20, 78.888
232,2021-05-21, 78.931
233,2021-05-22, 78.999
234,2021-05-23, 79.100
235,2021-05-24, 79.098
236,2021-05-25, 78.946
237,2021-05-26, 78.777
238,2021-05-27, 78.873
239,2021-05-28, 78.857
240,2021-05-29, 78.956
241,2021-05-30, 78.845
242,2021-05-31, 78.818
243,2021-06-01, 78.693
244,2021-06-02, 78.581
245,2021-06-03, 78.514
246,2021-06-04, 78.603
247,2021-06-05, 78.672
248,2021-06-06, 78.573
249,2021-06-07, 78.732
250,2021-06-08, 78.870
251,2021-06-09, 78.877
252,2021-06-10, 78.958
253,2021-06-11, 79.040
254,2021-06-12, 79.056
255,2021-06-13, 79.093
256,2021-06-14, 79.249
257,2021-06-15, 79.461
258,2021-06-16, 79.552
259,2021-06-17, 79.571
260,2021-06-18, 79.534
261,2021-06-19, 79.542
262,2021-06-20, 79.475
263,2021-06-21, 79.514
264,2021-06-22, 79.401
265,2021-06-23, 79.318
266,2021-06-24, 79.282
267,2021-06-25, 79.315
268,2021-06-26, 79.336
269,2021-06-27, 79.425
270,2021-06-28, 79.491
271,2021-06-29, 79.375
272,2021-06-30, 79.354
273,2021-07-01, 79.365
274,2021-07-02, 79.277
275,2021-07-03, 79.131
276,2021-07-04, 79.052
277,2021-07-05, 79.115
278,2021-07-06, 79.107
279,2021-07-07, 79.122
280,2021-07-08, 79.133
281,2021-07-09, 79.272
282,2021-07-10, 79.303
283,2021-07-11, 79.281
284,2021-07-12, 79.302
285,2021-07-13, 79.313
286,2021-07-14, 79.375
287,2021-07-15, 79.338
288,2021-07-16, 79.415
289,2021-07-17, 79.348
290,2021-07-18, 79.335
291,2021-07-19, 79.527
292,2021-07-20, 79.531
293,2021-07-21, 79.426
294,2021-07-22, 79.469
295,2021-07-23, 79.581
296,2021-07-24, 79.616
297,2021-07-25, 79.531
298,2021-07-26, 79.532
299,2021-07-27, 79.529
300,2021-07-28, 79.579
301,2021-07-29, 79.565
302,2021-07-30, 79.592
303,2021-07-31, 79.576
304,2021-08-01, 79.627
305,2021-08-02, 79.842
306,2021-08-03, 80.000
307,2021-08-04, 79.968
308,2021-08-05, 80.263
309,2021-08-06, 80.429
310,2021-08-07, 80.467
311,2021-08-08, 80.334
312,2021-08-09, 80.415
313,2021-08-10, 80.615
314,2021-08-11, 80.597
315,2021-08-12, 80.686
316,2021-08-13, 80.936
317,2021-08-14, 81.054
318,2021-08-15, 81.271
319,2021-08-16, 81.121
320,2021-08-17, 81.057
321,2021-08-18, 80.948
322,2021-08-19, 81.115
323,2021-08-20, 81.265
324,2021-08-21, 81.161
325,2021-08-22, 81.289
326,2021-08-23, 81.415
327,2021-08-24, 81.191
328,2021-08-25, 81.029
329,2021-08-26, 81.182
330,2021-08-27, 81.075
331,2021-08-28, 80.955
332,2021-08-29, 80.999
333,2021-08-30, 81.141
334,2021-08-31, 81.293
335,2021-09-01, 81.173
336,2021-09-02, 81.329
337,2021-09-03, 81.518
338,2021-09-04, 81.548
339,2021-09-05, 81.550
340,2021-09-06, 81.622
341,2021-09-07, 81.664
342,2021-09-08, 128.790
343,2021-09-09, 128.834
344,2021-09-10, 129.097
345,2021-09-11, 129.073
346,2021-09-12, 128.713
347,2021-09-13, 128.471
348,2021-09-14, 128.575
349,2021-09-15, 128.675
350,2021-09-16, 128.935
351,2021-09-17, 129.176
352,2021-09-18, 129.091
353,2021-09-19, 129.006
354,2021-09-20, 128.739
355,2021-09-21, 128.956
356,2021-09-22, 129.021
357,2021-09-23, 128.917
358,2021-09-24, 129.126
359,2021-09-25, 129.289
360,2021-09-26, 129.201
361,2021-09-27, 129.152
362,2021-09-28, 129.103
363,2021-09-29, 129.028
364,2021-09-30, 129.119
365,2021-10-01, 129.522
366,2021-10-02, 129.773
367,2021-10-03, 129.719
368,2021-10-04, 129.794
369,2021-10-05, 129.891
370,2021-10-06, 129.953
371,2021-10-07, 130.014
372,2021-10-08, 130.150
373,2021-10-09, 130.219
374,2021-10-10, 130.200
375,2021-10-11, 130.157
376,2021-10-12, 130.041
377,2021-10-13, 129.958
378,2021-10-14, 130.038
379,2021-10-15, 130.278
380,2021-10-16, 130.164
381,2021-10-17, 130.078
382,2021-10-18, 130.133
383,2021-10-19, 130.069
384,2021-10-20, 130.089
385,2021-10-21, 130.036
386,2021-10-22, 130.063
387,2021-10-23, 130.045
388,2021-10-24, 129.957
389,2021-10-25, 129.963
390,2021-10-26, 129.986
391,2021-10-27, 129.959
392,2021-10-28, 129.953
393,2021-10-29, 130.139
394,2021-10-30, 130.237
395,2021-10-31, 130.396
396,2021-11-01, 130.109
397,2021-11-02, 129.838
398,2021-11-03, 129.803
399,2021-11-04, 129.917
400,2021-11-05, 129.974
401,2021-11-06, 130.099
402,2021-11-07, 129.968
403,2021-11-08, 130.063
404,2021-11-09, 130.221
405,2021-11-10, 130.192
406,2021-11-11, 130.262
407,2021-11-12, 130.550
408,2021-11-13, 130.568
409,2021-11-14, 130.426
410,2021-11-15, 130.226
411,2021-11-16, 130.178
412,2021-11-17, 130.151
413,2021-11-18, 130.216
414,2021-11-19, 130.197
415,2021-11-20, 130.082
416,2021-11-21, 129.918
417,2021-11-22, 129.846
418,2021-11-23, 129.748
419,2021-11-24, 129.783
420,2021-11-25, 129.763
421,2021-11-26, 129.724
422,2021-11-27, 129.691
423,2021-11-28, 129.647
424,2021-11-29, 129.452
425,2021-11-30, 129.457
426,2021-12-01, 129.484
427,2021-12-02, 129.450
428,2021-12-03, 129.714
429,2021-12-04, 129.783
430,2021-12-05, 129.697
431,2021-12-06, 129.827
432,2021-12-07, 129.927
433,2021-12-08, 130.126
434,2021-12-09, 130.053
435,2021-12-10, 130.236
436,2021-12-11, 130.298
437,2021-12-12, 130.174
438,2021-12-13, 130.031
439,2021-12-14, 130.176
440,2021-12-15, 130.188
441,2021-12-16, 130.298
442,2021-12-17, 130.251
443,2021-12-18, 129.901
444,2021-12-19, 129.701
445,2021-12-20, 129.682
446,2021-12-21, 129.697
447,2021-12-22, 129.720
448,2021-12-23, 129.771
449,2021-12-24, 129.781
450,2021-12-25, 129.845
451,2021-12-26, 129.779
452,2021-12-27, 129.951
453,2021-12-28, 129.910
454,2021-12-29, 129.872
455,2021-12-30, 129.856
456,2021-12-31, 129.758
457,2022-01-01, 129.707
458,2022-01-02, 129.789
459,2022-01-03, 130.132
460,2022-01-04, 130.025
461,2022-01-05, 129.923
462,2022-01-06, 130.019
463,2022-01-07, 130.059
464,2022-01-08, 130.208
465,2022-01-09, 130.184
466,2022-01-10, 130.139
467,2022-01-11, 130.145
468,2022-01-12, 130.120
469,2022-01-13, 130.056
470,2022-01-14, 130.254
471,2022-01-15, 130.361
472,2022-01-16, 130.473
473,2022-01-17, 130.572
474,2022-01-18, 130.642
475,2022-01-19, 130.694
476,2022-01-20, 130.717
477,2022-01-21, 130.800
478,2022-01-22, 130.808
479,2022-01-23, 130.808
480,2022-01-24, 130.804
481,2022-01-25, 130.806
482,2022-01-26, 130.783
483,2022-01-27, 130.838
484,2022-01-28, 130.892
485,2022-01-29, 130.937
486,2022-01-30, 131.031
487,2022-01-31, 130.969
488,2022-02-01, 131.186
489,2022-02-02, 131.290
490,2022-02-03, 131.276
491,2022-02-04, 131.293
492,2022-02-05, 131.280
493,2022-02-06, 131.260
494,2022-02-07, 131.348
495,2022-02-08, 131.370
496,2022-02-09, 131.327
497,2022-02-10, 131.274
498,2022-02-11, 131.264
499,2022-02-12, 131.087
500,2022-02-13, 131.047
501,2022-02-14, 131.270
502,2022-02-15, 131.452
503,2022-02-16, 131.529
504,2022-02-17, 131.483
505,2022-02-18, 131.615
506,2022-02-19, 131.672
507,2022-02-20, 131.648
508,2022-02-21, 131.748
509,2022-02-22, 131.801
510,2022-02-23, 131.763
511,2022-02-24, 131.821
512,2022-02-25, 131.745
513,2022-02-26, 131.719
514,2022-02-27, 131.749
515,2022-02-28, 131.988
516,2022-03-01, 131.996
517,2022-03-02, 132.207
518,2022-03-03, 132.460
519,2022-03-04, 132.595
520,2022-03-05, 132.532
521,2022-03-06, 132.532
522,2022-03-07, 132.491
523,2022-03-08, 132.536
524,2022-03-09, 132.657
525,2022-03-10, 132.510
526,2022-03-11, 132.483
527,2022-03-12, 132.555
528,2022-03-13, 132.416
529,2022-03-14, 132.333
530,2022-03-15, 132.224
531,2022-03-16, 132.291
532,2022-03-17, 132.298
533,2022-03-18, 132.349
534,2022-03-19, 132.654
535,2022-03-20, 132.764
536,2022-03-21, 132.884
537,2022-03-22, 133.059
538,2022-03-23, 133.445
539,2022-03-24, 133.426
540,2022-03-25, 133.353
541,2022-03-26, 132.955
542,2022-03-27, 132.802
543,2022-03-28, 132.879
544,2022-03-29, 133.090
545,2022-03-30, 133.337
546,2022-03-31, 133.338
547,2022-04-01, 133.644
548,2022-04-02, 133.546
549,2022-04-03, 133.342
550,2022-04-04, 133.584
551,2022-04-05, 133.750
552,2022-04-06, 133.685
553,2022-04-07, 133.487
554,2022-04-08, 133.787
555,2022-04-09, 133.780
556,2022-04-10, 133.644
557,2022-04-11, 133.689
558,2022-04-12, 133.821
559,2022-04-13, 133.893
560,2022-04-14, 133.846
561,2022-04-15, 134.038
562,2022-04-16, 134.329
563,2022-04-17, 134.186
564,2022-04-18, 134.221
565,2022-04-19, 134.257
566,2022-04-20, 134.365
567,2022-04-21, 134.513
568,2022-04-22, 134.541
569,2022-04-23, 134.347
570,2022-04-24, 134.502
571,2022-04-25, 134.692
572,2022-04-26, 134.666
573,2022-04-27, 134.588
574,2022-04-28, 134.556
575,2022-04-29, 134.342
576,2022-04-30, 134.076
577,2022-05-01, 134.268
578,2022-05-02, 134.245
579,2022-05-03, 134.114
580,2022-05-04, 134.206
581,2022-05-05, 134.238
582,2022-05-06, 134.424
583,2022-05-07, 134.482
584,2022-05-08, 134.404
585,2022-05-09, 134.601
586,2022-05-10, 134.635
587,2022-05-11, 134.786
588,2022-05-12, 134.660
589,2022-05-13, 134.842
590,2022-05-14, 134.895
591,2022-05-15, 134.970
592,2022-05-16, 135.031
593,2022-05-17, 135.103
594,2022-05-18, 135.162
595,2022-05-19, 135.134
596,2022-05-20, 134.834
597,2022-05-21, 134.838
598,2022-05-22, 134.938
599,2022-05-23, 135.052
600,2022-05-24, 135.030
601,2022-05-25, 134.936
602,2022-05-26, 134.781
603,2022-05-27, 134.906
604,2022-05-28, 134.943
605,2022-05-29, 134.966
606,2022-05-30, 134.953
607,2022-05-31, 134.947
608,2022-06-01, 134.874
609,2022-06-02, 134.767
610,2022-06-03, 134.675
611,2022-06-04, 134.745
612,2022-06-05, 134.807
613,2022-06-06, 134.794
614,2022-06-07, 134.915
615,2022-06-08, 134.972
616,2022-06-09, 134.983
617,2022-06-10, 135.088
618,2022-06-11, 135.196
619,2022-06-12, 135.200
620,2022-06-13, 135.282
621,2022-06-14, 135.447
622,2022-06-15, 135.590
623,2022-06-16, 135.661
624,2022-06-17, 135.728
625,2022-06-18, 135.651
626,2022-06-19, 135.626
627,2022-06-20, 135.616
628,2022-06-21, 135.691
629,2022-06-22, 135.572
630,2022-06-23, 135.448
631,2022-06-24, 135.400
632,2022-06-25, 135.348
633,2022-06-26, 135.318
634,2022-06-27, 135.363
635,2022-06-28, 135.368
636,2022-06-29, 135.312
637,2022-06-30, 135.311
638,2022-07-01, 135.322
639,2022-07-02, 135.106
640,2022-07-03, 134.913
641,2022-07-04, 134.870
642,2022-07-05, 134.882
643,2022-07-06, 134.850
644,2022-07-07, 134.927
645,2022-07-08, 135.040
646,2022-07-09, 135.112
647,2022-07-10, 135.110
648,2022-07-11, 135.122
649,2022-07-12, 135.227
650,2022-07-13, 135.246
651,2022-07-14, 135.326
652,2022-07-15, 135.273
653,2022-07-16, 135.320
654,2022-07-17, 135.274
655,2022-07-18, 135.290
656,2022-07-19, 135.400
657,2022-07-20, 135.415
658,2022-07-21, 135.305
659,2022-07-22, 135.360
660,2022-07-23, 135.452
661,2022-07-24, 135.464
662,2022-07-25, 135.463
663,2022-07-26, 135.478
664,2022-07-27, 135.475
665,2022-07-28, 135.529
666,2022-07-29, 135.521
667,2022-07-30, 135.522
668,2022-07-31, 135.533
669,2022-08-01, 135.703
670,2022-08-02, 135.951
671,2022-08-03, 136.116
672,2022-08-04, 136.108
673,2022-08-05, 136.498
674,2022-08-06, 136.617
675,2022-08-07, 136.674
676,2022-08-08, 136.590
677,2022-08-09, 136.664
678,2022-08-10, 136.822
679,2022-08-11, 136.753
680,2022-08-12, 136.868
681,2022-08-13, 136.945
682,2022-08-14, 137.043
683,2022-08-15, 137.237
684,2022-08-16, 137.120
685,2022-08-17, 137.064
686,2022-08-18, 136.988
687,2022-08-19, 137.208
688,2022-08-20, 137.376
689,2022-08-21, 137.245
690,2022-08-22, 137.447
691,2022-08-23, 137.518
692,2022-08-24, 137.246
693,2022-08-25, 137.102
694,2022-08-26, 137.304
695,2022-08-27, 137.070
696,2022-08-28, 136.844
697,2022-08-29, 136.839
698,2022-08-30, 136.890
699,2022-08-31, 137.075
700,2022-09-01, 136.928
701,2022-09-02, 137.089
702,2022-09-03, 137.301
703,2022-09-04, 137.218
704,2022-09-05, 137.203
705,2022-09-06, 137.202
706,2022-09-07, 137.233
707,2022-09-08, 200.007
708,2022-09-09, 200.064
709,2022-09-10, 200.276
710,2022-09-11, 200.188
711,2022-09-12, 199.870
712,2022-09-13, 199.689
713,2022-09-14, 199.791
714,2022-09-15, 199.853
715,2022-09-16, 200.198
716,2022-09-17, 200.371
717,2022-09-18, 200.186
718,2022-09-19, 200.208
719,2022-09-20, 200.009
720,2022-09-21, 200.227
721,2022-09-22, 200.271
722,2022-09-23, 200.129
723,2022-09-24, 200.233
724,2022-09-25, 200.408
725,2022-09-26, 200.412
726,2022-09-27, 200.335
727,2022-09-28, 200.276
728,2022-09-29, 200.187
729,2022-09-30, 200.306
730,2022-10-01, 200.646
731,2022-10-02, 200.864
732,2022-10-03, 200.846
733,2022-10-04, 200.812
734,2022-10-05, 200.878
735,2022-10-06, 200.941
736,2022-10-07, 201.053
737,2022-10-08, 201.169
738,2022-10-09, 201.197
739,2022-10-10, 201.198
740,2022-10-11, 201.168
741,2022-10-12, 201.134
742,2022-10-13, 201.038
743,2022-10-14, 201.142
744,2022-10-15, 201.385
745,2022-10-16, 201.324
746,2022-10-17, 201.279
747,2022-10-18, 201.298
748,2022-10-19, 201.259
749,2022-10-20, 201.282
750,2022-10-21, 201.209
751,2022-10-22, 201.205
752,2022-10-23, 201.172
753,2022-10-24, 201.206
754,2022-10-25, 201.207
755,2022-10-26, 201.215
756,2022-10-27, 201.225
757,2022-10-28, 201.208
758,2022-10-29, 201.330
759,2022-10-30, 201.402
760,2022-10-31, 201.543
761,2022-11-01, 201.325
762,2022-11-02, 201.151
763,2022-11-03, 201.087
764,2022-11-04, 201.238
765,2022-11-05, 201.271
766,2022-11-06, 201.414
767,2022-11-07, 201.448
768,2022-11-08, 201.604
769,2022-11-09, 201.744
770,2022-11-10, 201.751
771,2022-11-11, 201.843
772,2022-11-12, 202.062
773,2022-11-13, 202.184
774,2022-11-14, 202.167
775,2022-11-15, 201.970
776,2022-11-16, 201.940
777,2022-11-17, 201.913
778,2022-11-18, 202.013
779,2022-11-19, 201.998
780,2022-11-20, 201.914
781,2022-11-21, 201.845
782,2022-11-22, 201.815
783,2022-11-23, 201.779
784,2022-11-24, 201.812
785,2022-11-25, 201.782
786,2022-11-26, 201.695
787,2022-11-27, 201.586
788,2022-11-28, 201.659
789,2022-11-29, 201.636
790,2022-11-30, 201.686
791,2022-12-01, 201.712
792,2022-12-02, 201.681
793,2022-12-03, 201.828
794,2022-12-04, 201.823
795,2022-12-05, 201.737
796,2022-12-06, 201.833
797,2022-12-07, 201.916
798,2022-12-08, 202.031
799,2022-12-09, 201.932
800,2022-12-10, 201.959
801,2022-12-11, 201.948
802,2022-12-12, 201.910
803,2022-12-13, 201.840
804,2022-12-14, 201.940
805,2022-12-15, 201.933
806,2022-12-16, 202.078
807,2022-12-17, 202.068
808,2022-12-18, 201.883
809,2022-12-19, 201.831
810,2022-12-20, 201.860
811,2022-12-21, 201.881
812,2022-12-22, 201.901
813,2022-12-23, 201.968
814,2022-12-24, 201.976
815,2022-12-25, 202.005
816,2022-12-26, 202.035
817,2022-12-27, 202.201
818,2022-12-28, 202.211
819,2022-12-29, 202.176
820,2022-12-30, 202.152
821,2022-12-31, 202.058
822,2023-01-01, 202.007
823,2023-01-02, 202.100
824,2023-01-03, 202.451
825,2023-01-04, 202.434
826,2023-01-05, 202.376
827,2023-01-06, 202.501
828,2023-01-07, 202.483
829,2023-01-08, 202.534
830,2023-01-09, 202.452
831,2023-01-10, 202.359
832,2023-01-11, 202.369
833,2023-01-12, 202.354
834,2023-01-13, 202.268
835,2023-01-14, 202.386
836,2023-01-15, 202.428
837,2023-01-16, 202.615
838,2023-01-17, 202.730
839,2023-01-18, 202.795
840,2023-01-19, 202.829
841,2023-01-20, 202.858
842,2023-01-21, 202.937
843,2023-01-22, 202.932
844,2023-01-23, 203.014
845,2023-01-24, 203.032
846,2023-01-25, 203.056
847,2023-01-26, 203.055
848,2023-01-27, 203.136
849,2023-01-28, 203.111
850,2023-01-29, 203.125
851,2023-01-30, 203.314
852,2023-01-31, 203.281
853,2023-02-01, 203.475
854,2023-02-02, 203.555
855,2023-02-03, 203.535
856,2023-02-04, 203.453
857,2023-02-05, 203.444
858,2023-02-06, 203.499
859,2023-02-07, 203.649
860,2023-02-08, 203.730
861,2023-02-09, 203.702
862,2023-02-10, 203.628
863,2023-02-11, 203.580
864,2023-02-12, 203.474
865,2023-02-13, 203.518
866,2023-02-14, 203.694
867,2023-02-15, 203.834
868,2023-02-16, 203.916
869,2023-02-17, 203.855
870,2023-02-18, 203.974
871,2023-02-19, 204.033
872,2023-02-20, 204.161
873,2023-02-21, 204.288
874,2023-02-22, 204.349
875,2023-02-23, 204.327
876,2023-02-24, 204.404
877,2023-02-25, 204.309
878,2023-02-26, 204.230
879,2023-02-27, 204.286
880,2023-02-28, 204.653
881,2023-03-01, 204.680
882,2023-03-02, 204.932
883,2023-03-03, 205.268
884,2023-03-04, 205.448
885,2023-03-05, 205.439
886,2023-03-06, 205.618
887,2023-03-07, 205.626
888,2023-03-08, 205.690
889,2023-03-09, 205.865
890,2023-03-10, 205.667
891,2023-03-11, 205.641
892,2023-03-12, 205.808
893,2023-03-13, 205.693
894,2023-03-14, 205.618
895,2023-03-15, 205.585
896,2023-03-16, 205.722
897,2023-03-17, 205.731
898,2023-03-18, 205.852
899,2023-03-19, 206.200
900,2023-03-20, 206.413
901,2023-03-21, 206.619
902,2023-03-22, 206.743
903,2023-03-23, 207.192
904,2023-03-24, 207.166
905,2023-03-25, 207.103
906,2023-03-26, 206.570
907,2023-03-27, 206.410
908,2023-03-28, 206.461
909,2023-03-29, 206.681
910,2023-03-30, 206.957
911,2023-03-31, 206.959
912,2023-04-01, 207.391
913,2023-04-02, 207.354
914,2023-04-03, 207.270
915,2023-04-04, 207.483
916,2023-04-05, 207.598
917,2023-04-06, 207.491
918,2023-04-07, 207.228
919,2023-04-08, 207.492
920,2023-04-09, 207.526
921,2023-04-10, 207.474
922,2023-04-11, 207.574
923,2023-04-12, 207.690
924,2023-04-13, 207.789
925,2023-04-14, 207.726
926,2023-04-15, 207.896
927,2023-04-16, 208.207
928,2023-04-17, 208.105
929,2023-04-18, 208.141
930,2023-04-19, 208.204
931,2023-04-20, 208.345
932,2023-04-21, 208.542
933,2023-04-22, 208.442
934,2023-04-23, 208.170
935,2023-04-24, 208.375
936,2023-04-25, 208.542
937,2023-04-26, 208.548
938,2023-04-27, 208.489
939,2023-04-28, 208.446
940,2023-04-29, 208.132
941,2023-04-30, 207.825
942,2023-05-01, 208.160
943,2023-05-02, 208.171
944,2023-05-03, 208.061
945,2023-05-04, 208.203
946,2023-05-05, 208.247
947,2023-05-06, 208.404
948,2023-05-07, 208.432
949,2023-05-08, 208.327
950,2023-05-09, 208.467
951,2023-05-10, 208.515
952,2023-05-11, 208.725
953,2023-05-12, 208.558
954,2023-05-13, 208.605
955,2023-05-14, 208.676
956,2023-05-15, 208.880
957,2023-05-16, 208.985
958,2023-05-17, 209.045
959,2023-05-18, 209.088
960,2023-05-19, 209.053
961,2023-05-20, 208.840
962,2023-05-21, 208.832
963,2023-05-22, 209.029
964,2023-05-23, 209.168
965,2023-05-24, 209.184
966,2023-05-25, 209.111
967,2023-05-26, 208.905
968,2023-05-27, 208.996
969,2023-05-28, 208.989
970,2023-05-29, 209.026
971,2023-05-30, 208.999
972,2023-05-31, 209.013
973,2023-06-01, 208.961
974,2023-06-02, 208.819
975,2023-06-03, 208.754
976,2023-06-04, 208.852
977,2023-06-05, 208.964
978,2023-06-06, 208.970
979,2023-06-07, 209.088
980,2023-06-08, 209.154
981,2023-06-09, 209.170
982,2023-06-10, 209.232
983,2023-06-11, 209.393
984,2023-06-12, 209.468
985,2023-06-13, 209.538
986,2023-06-14, 209.670
987,2023-06-15, 209.821
988,2023-06-16, 209.927
989,2023-06-17, 209.972
990,2023-06-18, 209.926
991,2023-06-19, 209.962
992,2023-06-20, 209.976
993,2023-06-21, 210.038
994,2023-06-22, 209.891
995,2023-06-23, 209.726
996,2023-06-24, 209.672
997,2023-06-25, 209.632
998,2023-06-26, 209.671
999,2023-06-27, 209.768
1000,2023-06-28, 209.816
1001,2023-06-29, 209.754
1002,2023-06-30, 209.753
1003,2023-07-01, 209.730
1004,2023-07-02, 209.437
1005,2023-07-03, 209.273
1006,2023-07-04, 209.263
1007,2023-07-05, 209.313
1008,2023-07-06, 209.304
1009,2023-07-07, 209.408
1010,2023-07-08, 209.467
1011,2023-07-09, 209.552
1012,2023-07-10, 209.662
1013,2023-07-11, 209.691
1014,2023-07-12, 209.763
1015,2023-07-13, 209.796
1016,2023-07-14, 209.903
1017,2023-07-15, 209.798
1018,2023-07-16, 209.824
1019,2023-07-17, 209.777
1020,2023-07-18, 209.782
1021,2023-07-19, 209.907
1022,2023-07-20, 209.911
1023,2023-07-21, 209.775
1024,2023-07-22, 209.779
1025,2023-07-23, 209.885
1026,2023-07-24, 209.959
1027,2023-07-25, 209.939
1028,2023-07-26, 209.969
1029,2023-07-27, 210.002
1030,2023-07-28, 210.073
1031,2023-07-29, 210.036
1032,2023-07-30, 210.034
1033,2023-07-31, 210.080
1034,2023-08-01, 210.220
1035,2023-08-02, 210.399
1036,2023-08-03, 210.587
1037,2023-08-04, 210.577
1038,2023-08-05, 210.716
1039,2023-08-06, 210.801
1040,2023-08-07, 210.909
1041,2023-08-08, 210.887
1042,2023-08-09, 210.943
1043,2023-08-10, 211.071
1044,2023-08-11, 210.979
1045,2023-08-12, 211.042
1046,2023-08-13, 211.156
1047,2023-08-14, 211.281
1048,2023-08-15, 211.456
1049,2023-08-16, 211.391
1050,2023-08-17, 211.360
1051,2023-08-18, 211.259
1052,2023-08-19, 211.413
1053,2023-08-20, 211.570
1054,2023-08-21, 211.509
1055,2023-08-22, 211.657
1056,2023-08-23, 211.748
1057,2023-08-24, 211.434
1058,2023-08-25, 211.288
1059,2023-08-26, 211.387
1060,2023-08-27, 211.161
1061,2023-08-28, 210.884
1062,2023-08-29, 210.859
1063,2023-08-30, 210.947
1064,2023-08-31, 211.175
1065,2023-09-01, 210.980
1066,2023-09-02, 211.094
1067,2023-09-03, 211.287
1068,2023-09-04, 211.274
1069,2023-09-05, 211.304
1070,2023-09-06, 211.352
1071,2023-09-07, 211.413
1072,2023-09-08, 295.116
1073,2023-09-09, 295.136
1074,2023-09-10, 295.341
1075,2023-09-11, 295.364
1076,2023-09-12, 295.098
1077,2023-09-13, 294.905
1078,2023-09-14, 295.033
1079,2023-09-15, 295.117
1080,2023-09-16, 295.359
1081,2023-09-17, 295.547
1082,2023-09-18, 295.493
1083,2023-09-19, 295.505
1084,2023-09-20, 295.292
1085,2023-09-21, 295.558
1086,2023-09-22, 295.618
1087,2023-09-23, 295.486
1088,2023-09-24, 295.630
1089,2023-09-25, 295.864
1090,2023-09-26, 295.884
1091,2023-09-27, 295.861
1092,2023-09-28, 295.816
1093,2023-09-29, 295.736
1094,2023-09-30, 295.804
1095,2023-10-01, 296.142
1096,2023-10-02, 296.430
1097,2023-10-03, 296.434
1098,2023-10-04, 296.438
1099,2023-10-05, 296.551
1100,2023-10-06, 296.636
1101,2023-10-07, 296.684
1102,2023-10-08, 296.790
1103,2023-10-09, 296.891
1104,2023-10-10, 296.914
1105,2023-10-11, 296.880
1106,2023-10-12, 296.817
1107,2023-10-13, 296.716
1108,2023-10-14, 296.772
1109,2023-10-15, 296.980
1110,2023-10-16, 296.947
1111,2023-10-17, 296.951
1112,2023-10-18, 297.001
1113,2023-10-19, 296.971
1114,2023-10-20, 297.002
1115,2023-10-21, 296.922
1116,2023-10-22, 296.923
1117,2023-10-23, 296.955
1118,2023-10-24, 296.962
1119,2023-10-25, 296.960
1120,2023-10-26, 296.995
1121,2023-10-27, 297.009
1122,2023-10-28, 296.975
1123,2023-10-29, 297.110
1124,2023-10-30, 297.230
1125,2023-10-31, 297.402
1126,2023-11-01, 297.158
1127,2023-11-02, 296.967
1128,2023-11-03, 296.932
1129,2023-11-04, 297.024
1130,2023-11-05, 297.055
1131,2023-11-06, 297.240
1132,2023-11-07, 297.248
1133,2023-11-08, 297.354
1134,2023-11-09, 297.522
1135,2023-11-10, 297.532
1136,2023-11-11, 297.579
1137,2023-11-12, 297.806
1138,2023-11-13, 297.934
1139,2023-11-14, 297.885
1140,2023-11-15, 297.701
1141,2023-11-16, 297.690
1142,2023-11-17, 297.641
1143,2023-11-18, 297.696
1144,2023-11-19, 297.667
1145,2023-11-20, 297.633
1146,2023-11-21, 297.538
1147,2023-11-22, 297.487
1148,2023-11-23, 297.429
1149,2023-11-24, 297.475
1150,2023-11-25, 297.428
1151,2023-11-26, 297.363
1152,2023-11-27, 297.345
1153,2023-11-28, 297.380
1154,2023-11-29, 297.264
1155,2023-11-30, 297.318
1156,2023-12-01, 297.354
1157,2023-12-02, 297.299
1158,2023-12-03, 297.488
1159,2023-12-04, 297.570
1160,2023-12-05, 297.531
1161,2023-12-06, 297.663
1162,2023-12-07, 297.777
1163,2023-12-08, 297.933
1164,2023-12-09, 297.832
1165,2023-12-10, 297.934
1166,2023-12-11, 298.011
1167,2023-12-12, 297.987
1168,2023-12-13, 297.870
1169,2023-12-14, 298.012
1170,2023-12-15, 298.004
1171,2023-12-16, 298.091
1172,2023-12-17, 298.047
1173,2023-12-18, 297.847
1174,2023-12-19, 297.741
1175,2023-12-20, 297.755
1176,2023-12-21, 297.787
1177,2023-12-22, 297.816
1178,2023-12-23, 297.843
1179,2023-12-24, 297.840
1180,2023-12-25, 297.943
1181,2023-12-26, 297.955
1182,2023-12-27, 298.126
1183,2023-12-28, 298.127
1184,2023-12-29, 298.082
1185,2023-12-30, 298.039
1186,2023-12-31, 297.937
1187,2024-01-01, 297.932
1188,2024-01-02, 298.035
1189,2024-01-03, 298.357
1190,2024-01-04, 298.313
1191,2024-01-05, 298.238
1192,2024-01-06, 298.310
1193,2024-01-07, 298.314
1194,2024-01-08, 298.484
1195,2024-01-09, 298.501
1196,2024-01-10, 298.450
1197,2024-01-11, 298.486
1198,2024-01-12, 298.469
1199,2024-01-13, 298.377
1200,2024-01-14, 298.519
1201,2024-01-15, 298.642
1202,2024-01-16, 298.853
1203,2024-01-17, 298.948
1204,2024-01-18, 299.034
1205,2024-01-19, 299.082
1206,2024-01-20, 299.079
1207,2024-01-21, 299.140
1208,2024-01-22, 299.202
1209,2024-01-23, 299.261
1210,2024-01-24, 299.261
1211,2024-01-25, 299.288
1212,2024-01-26, 299.288
1213,2024-01-27, 299.322
1214,2024-01-28, 299.332
1215,2024-01-29, 299.419
1216,2024-01-30, 299.586
1217,2024-01-31, 299.537
1218,2024-02-01, 299.788
1219,2024-02-02, 299.898
1220,2024-02-03, 299.857
1221,2024-02-04, 299.826
1222,2024-02-05, 299.871
1223,2024-02-06, 299.925
1224,2024-02-07, 300.048
1225,2024-02-08, 300.122
1226,2024-02-09, 300.088
1227,2024-02-10, 300.006
1228,2024-02-11, 299.971
1229,2024-02-12, 299.881
1230,2024-02-13, 299.913
1231,2024-02-14, 300.098
1232,2024-02-15, 300.258
1233,2024-02-16, 300.369
1234,2024-02-17, 300.297
1235,2024-02-18, 300.413
1236,2024-02-19, 300.533
1237,2024-02-20, 300.628
1238,2024-02-21, 300.735
1239,2024-02-22, 300.824
1240,2024-02-23, 300.798
1241,2024-02-24, 300.831
1242,2024-02-25, 300.741
1243,2024-02-26, 300.748
1244,2024-02-27, 300.837
1245,2024-02-28, 301.126
1246,2024-02-29, 301.170
1247,2024-03-01, 301.169
1248,2024-03-02, 301.363
1249,2024-03-03, 301.615
1250,2024-03-04, 301.803
1251,2024-03-05, 301.778
1252,2024-03-06, 301.837
1253,2024-03-07, 301.821
1254,2024-03-08, 301.906
1255,2024-03-09, 302.025
1256,2024-03-10, 301.858
1257,2024-03-11, 301.884
1258,2024-03-12, 302.006
1259,2024-03-13, 301.889
1260,2024-03-14, 301.825
1261,2024-03-15, 301.782
1262,2024-03-16, 301.858
1263,2024-03-17, 301.857
1264,2024-03-18, 301.977
1265,2024-03-19, 302.309
1266,2024-03-20, 302.462
1267,2024-03-21, 302.605
1268,2024-03-22, 302.772
1269,2024-03-23, 303.128
1270,2024-03-24, 303.094
1271,2024-03-25, 303.080
1272,2024-03-26, 302.683
1273,2024-03-27, 302.555
1274,2024-03-28, 302.642
1275,2024-03-29, 302.871
1276,2024-03-30, 303.092
1277,2024-03-31, 303.085
1278,2024-04-01, 303.457
1279,2024-04-02, 303.410
1280,2024-04-03, 303.271
1281,2024-04-04, 303.491
1282,2024-04-05, 303.647
1283,2024-04-06, 303.560
1284,2024-04-07, 303.347
1285,2024-04-08, 303.660
1286,2024-04-09, 303.691
1287,2024-04-10, 303.609
1288,2024-04-11, 303.693
1289,2024-04-12, 303.850
1290,2024-04-13, 303.907
1291,2024-04-14, 303.851
1292,2024-04-15, 304.069
1293,2024-04-16, 304.380
1294,2024-04-17, 304.292
1295,2024-04-18, 304.338
1296,2024-04-19, 304.426
1297,2024-04-20, 304.543
1298,2024-04-21, 304.694
1299,2024-04-22, 304.724
1300,2024-04-23, 304.561
1301,2024-04-24, 304.735
1302,2024-04-25, 304.939
1303,2024-04-26, 304.958
1304,2024-04-27, 304.869
1305,2024-04-28, 304.819
1306,2024-04-29, 304.639
1307,2024-04-30, 304.394
1308,2024-05-01, 304.641
1309,2024-05-02, 304.650
1310,2024-05-03, 304.559
1311,2024-05-04, 304.658
1312,2024-05-05, 304.686
1313,2024-05-06, 304.896
1314,2024-05-07, 304.987
1315,2024-05-08, 304.922
1316,2024-05-09, 305.105
1317,2024-05-10, 305.164
1318,2024-05-11, 305.315
1319,2024-05-12, 305.185
1320,2024-05-13, 305.356
1321,2024-05-14, 305.444
1322,2024-05-15, 305.604
1323,2024-05-16, 305.674
1324,2024-05-17, 305.757
1325,2024-05-18, 305.810
1326,2024-05-19, 305.779
1327,2024-05-20, 305.582
1328,2024-05-21, 305.612
1329,2024-05-22, 305.745
1330,2024-05-23, 305.885
1331,2024-05-24, 305.909
1332,2024-05-25, 305.786
1333,2024-05-26, 305.601
1334,2024-05-27, 305.754
1335,2024-05-28, 305.776
1336,2024-05-29, 305.840
1337,2024-05-30, 305.811
1338,2024-05-31, 305.831
1339,2024-06-01, 305.732
1340,2024-06-02, 305.603
1341,2024-06-03, 305.577
1342,2024-06-04, 305.680
1343,2024-06-05, 305.772
1344,2024-06-06, 305.759
1345,2024-06-07, 305.918
1346,2024-06-08, 305.989
1347,2024-06-09, 305.992
1348,2024-06-10, 306.123
1349,2024-06-11, 306.258
1350,2024-06-12, 306.300
1351,2024-06-13, 306.385
1352,2024-06-14, 306.563
1353,2024-06-15, 306.715
1354,2024-06-16, 306.796
1355,2024-06-17, 306.888
1356,2024-06-18, 306.852
1357,2024-06-19, 306.869
1358,2024-06-20, 306.870
1359,2024-06-21, 306.956
1360,2024-06-22, 306.812
1361,2024-06-23, 306.681
1362,2024-06-24, 306.683
1363,2024-06-25, 306.681
1364,2024-06-26, 306.702
1365,2024-06-27, 306.801
1366,2024-06-28, 306.867
1367,2024-06-29, 306.772
1368,2024-06-30, 306.757
1369,2024-07-01, 306.805
1370,2024-07-02, 306.623
1371,2024-07-03, 306.467
1372,2024-07-04, 306.445
1373,2024-07-05, 306.513
1374,2024-07-06, 306.480
1375,2024-07-07, 306.537
1376,2024-07-08, 306.647
1377,2024-07-09, 306.763
1378,2024-07-10, 306.820
1379,2024-07-11, 306.849
1380,2024-07-12, 306.941
1381,2024-07-13, 306.945
1382,2024-07-14, 307.021
1383,2024-07-15, 307.004
1384,2024-07-16, 307.071
1385,2024-07-17, 307.029
1386,2024-07-18, 307.054
1387,2024-07-19, 307.223
1388,2024-07-20, 307.214
1389,2024-07-21, 307.089
1390,2024-07-22, 307.172
1391,2024-07-23, 307.292
1392,2024-07-24, 307.343
1393,2024-07-25, 307.330
1394,2024-07-26, 307.372
1395,2024-07-27, 307.364
1396,2024-07-28, 307.414
1397,2024-07-29, 307.443
1398,2024-07-30, 307.470
1399,2024-07-31, 307.494
1400,2024-08-01, 307.636
1401,2024-08-02, 307.877
1402,2024-08-03, 308.030
1403,2024-08-04, 308.006
1404,2024-08-05, 308.329
1405,2024-08-06, 308.470
1406,2024-08-07, 308.549
1407,2024-08-08, 308.491
1408,2024-08-09, 308.588
1409,2024-08-10, 308.733
1410,2024-08-11, 308.665
1411,2024-08-12, 308.803
1412,2024-08-13, 308.968
1413,2024-08-14, 309.092
1414,2024-08-15, 309.309
1415,2024-08-16, 309.226
1416,2024-08-17, 309.158
1417,2024-08-18, 309.055
1418,2024-08-19, 309.284
1419,2024-08-20, 309.460
1420,2024-08-21, 309.372
1421,2024-08-22, 309.553
1422,2024-08-23, 309.676
1423,2024-08-24, 309.389
1424,2024-08-25, 309.230
1425,2024-08-26, 309.431
1426,2024-08-27, 309.259
1427,2024-08-28, 309.062
1428,2024-08-29, 309.089
1429,2024-08-30, 309.210
1430,2024-08-31, 309.380
1431,2024-09-01, 309.219
1432,2024-09-02, 309.411
1433,2024-09-03, 309.626
1434,2024-09-04, 309.615
1435,2024-09-05, 309.643
1436,2024-09-06, 309.710
1437,2024-09-07, 309.737
1438,2024-09-08, 374.263
1439,2024-09-09, 374.352
1440,2024-09-10, 374.597
1441,2024-09-11, 374.578
1442,2024-09-12, 374.285
1443,2024-09-13, 374.107
1444,2024-09-14, 374.201
1445,2024-09-15, 374.275
1446,2024-09-16, 374.606
1447,2024-09-17, 374.824
1448,2024-09-18, 374.727
1449,2024-09-19, 374.732
1450,2024-09-20, 374.533
1451,2024-09-21, 374.749
1452,2024-09-22, 374.797
1453,2024-09-23, 374.720
1454,2024-09-24, 374.890
1455,2024-09-25, 375.091
1456,2024-09-26, 375.092
1457,2024-09-27, 375.070
1458,2024-09-28, 375.001
1459,2024-09-29, 374.912
1460,2024-09-30, 375.054
1461,2024-10-01, 375.431
1462,2024-10-02, 375.694
1463,2024-10-03, 375.693
1464,2024-10-04, 375.736
1465,2024-10-05, 375.810
1466,2024-10-06, 375.872
1467,2024-10-07, 375.995
1468,2024-10-08, 376.132
1469,2024-10-09, 376.209
1470,2024-10-10, 376.232
1471,2024-10-11, 376.223
1472,2024-10-12, 376.135
1473,2024-10-13, 376.034
1474,2024-10-14, 376.163
1475,2024-10-15, 376.410
1476,2024-10-16, 376.352
1477,2024-10-17, 376.332
1478,2024-10-18, 376.400
1479,2024-10-19, 376.338
1480,2024-10-20, 376.355
1481,2024-10-21, 376.336
1482,2024-10-22, 376.361
1483,2024-10-23, 376.365
1484,2024-10-24, 376.371
1485,2024-10-25, 376.401
1486,2024-10-26, 376.405
1487,2024-10-27, 376.396
1488,2024-10-28, 376.426
1489,2024-10-29, 376.591
1490,2024-10-30, 376.698
1491,2024-10-31, 376.877
1492,2024-11-01, 376.655
1493,2024-11-02, 376.426
1494,2024-11-03, 376.373
1495,2024-11-04, 376.541
1496,2024-11-05, 376.599
1497,2024-11-06, 376.760
1498,2024-11-07, 376.753
1499,2024-11-08, 376.899
1500,2024-11-09, 377.037
1501,2024-11-10, 377.025
1502,2024-11-11, 377.144
1503,2024-11-12, 377.406
1504,2024-11-13, 377.505
1505,2024-11-14, 377.458
1506,2024-11-15, 377.292
1507,2024-11-16, 377.245
1508,2024-11-17, 377.202
1509,2024-11-18, 377.325
1510,2024-11-19, 377.321
1511,2024-11-20, 377.254
1512,2024-11-21, 377.166
1513,2024-11-22, 377.143
1514,2024-11-23, 377.061
1515,2024-11-24, 377.091
1516,2024-11-25, 377.108
1517,2024-11-26, 377.062
1518,2024-11-27, 377.020
1519,2024-11-28, 377.062
1520,2024-11-29, 376.979
1521,2024-11-30, 376.997
1522,2024-12-01, 377.019
1523,2024-12-02, 377.028
1524,2024-12-03, 377.246
1525,2024-12-04, 377.305
1526,2024-12-05, 377.256
1527,2024-12-06, 377.404
1528,2024-12-07, 377.484
1529,2024-12-08, 377.633
1530,2024-12-09, 377.591
1531,2024-12-10, 377.713
1532,2024-12-11, 377.766
1533,2024-12-12, 377.726
1534,2024-12-13, 377.644
1535,2024-12-14, 377.754
1536,2024-12-15, 377.746
1537,2024-12-16, 377.909
1538,2024-12-17, 377.893
1539,2024-12-18, 377.658
1540,2024-12-19, 377.560
1541,2024-12-20, 377.597
1542,2024-12-21, 377.601
1543,2024-12-22, 377.617
1544,2024-12-23, 377.715
1545,2024-12-24, 377.737
1546,2024-12-25, 377.813
1547,2024-12-26, 377.827
1548,2024-12-27, 378.024
1549,2024-12-28, 377.996
1550,2024-12-29, 377.949
1551,2024-12-30, 377.971
1552,2024-12-31, 377.890
1553,2025-01-01, 377.865
1554,2025-01-02, 377.979
1555,2025-01-03, 378.346
1556,2025-01-04, 378.272
1557,2025-01-05, 378.185
1558,2025-01-06, 378.333
1559,2025-01-07, 378.358
1560,2025-01-08, 378.492
1561,2025-01-09, 378.484
1562,2025-01-10, 378.449
1563,2025-01-11, 378.448
1564,2025-01-12, 378.422
1565,2025-01-13, 378.391
1566,2025-01-14, 378.560
1567,2025-01-15, 378.662
1568,2025-01-16, 378.853
1569,2025-01-17, 378.984
1570,2025-01-18, 379.040
1571,2025-01-19, 379.077
1572,2025-01-20, 379.142
1573,2025-01-21, 379.233
1574,2025-01-22, 379.266
1575,2025-01-23, 379.334
1576,2025-01-24, 379.367
1577,2025-01-25, 379.367
1578,2025-01-26, 379.351
1579,2025-01-27, 379.457
1580,2025-01-28, 379.487
1581,2025-01-29, 379.546
1582,2025-01-30, 379.718
1583,2025-01-31, 379.698
1584,2025-02-01, 379.901
1585,2025-02-02, 379.991
1586,2025-02-03, 380.015
1587,2025-02-04, 380.000
1588,2025-02-05, 380.019
1589,2025-02-06, 380.070
1590,2025-02-07, 380.219
1591,2025-02-08, 380.259
1592,2025-02-09, 380.216
1593,2025-02-10, 380.196
1594,2025-02-11, 380.182
1595,2025-02-12, 380.068
1596,2025-02-13, 380.102
1597,2025-02-14, 380.325
1598,2025-02-15, 380.467
1599,2025-02-16, 380.549
1600,2025-02-17, 380.539
1601,2025-02-18, 380.679
1602,2025-02-19, 380.768
1603,2025-02-20, 380.856
1604,2025-02-21, 380.996
1605,2025-02-22, 381.044
1606,2025-02-23, 381.008
1607,2025-02-24, 381.114
1608,2025-02-25, 381.044
1609,2025-02-26, 381.022
1610,2025-02-27, 381.102
1611,2025-02-28, 381.429
1612,2025-03-01, 381.436
1613,2025-03-02, 381.639
1614,2025-03-03, 381.975
1615,2025-03-04, 382.181
1616,2025-03-05, 382.149
1617,2025-03-06, 382.240
1618,2025-03-07, 382.251
1619,2025-03-08, 382.299
1620,2025-03-09, 382.422
1621,2025-03-10, 382.307
1622,2025-03-11, 382.336
1623,2025-03-12, 382.457
1624,2025-03-13, 382.345
1625,2025-03-14, 382.298
1626,2025-03-15, 382.219
1627,2025-03-16, 382.297
1628,2025-03-17, 382.358
1629,2025-03-18, 382.493
1630,2025-03-19, 382.822
1631,2025-03-20, 382.993
1632,2025-03-21, 383.177
1633,2025-03-22, 383.314
1634,2025-03-23, 383.696
1635,2025-03-24, 383.726
1636,2025-03-25, 383.713
1637,2025-03-26, 383.271
1638,2025-03-27, 383.136
1639,2025-03-28, 383.236
1640,2025-03-29, 383.438
1641,2025-03-30, 383.671
1642,2025-03-31, 383.725
1643,2025-04-01, 384.133
1644,2025-04-02, 384.073
1645,2025-04-03, 383.942
1646,2025-04-04, 384.195
1647,2025-04-05, 384.323
1648,2025-04-06, 384.221
1649,2025-04-07, 384.053
1650,2025-04-08, 384.383
1651,2025-04-09, 384.403
1652,2025-04-10, 384.324
1653,2025-04-11, 384.428
1654,2025-04-12, 384.546
1655,2025-04-13, 384.607
1656,2025-04-14, 384.607
1657,2025-04-15, 384.838
1658,2025-04-16, 385.143
1659,2025-04-17, 385.044
1660,2025-04-18, 385.111
1661,2025-04-19, 385.156
1662,2025-04-20, 385.262
1663,2025-04-21, 385.483
1664,2025-04-22, 385.507
1665,2025-04-23, 385.298
1666,2025-04-24, 385.487
1667,2025-04-25, 385.703
1668,2025-04-26, 385.684
1669,2025-04-27, 385.594
1670,2025-04-28, 385.608
1671,2025-04-29, 385.410
1672,2025-04-30, 385.138
1673,2025-05-01, 385.407
1674,2025-05-02, 385.435
1675,2025-05-03, 385.306
1676,2025-05-04, 385.402
1677,2025-05-05, 385.492
1678,2025-05-06, 385.715
1679,2025-05-07, 385.774
1680,2025-05-08, 385.703
1681,2025-05-09, 385.905
1682,2025-05-10, 385.933
1683,2025-05-11, 386.089
1684,2025-05-12, 386.003
1685,2025-05-13, 386.175
1686,2025-05-14, 386.246
1687,2025-05-15, 386.404
1688,2025-05-16, 386.511
1689,2025-05-17, 386.565
1690,2025-05-18, 386.601
1691,2025-05-19, 386.625
1692,2025-05-20, 386.427
1693,2025-05-21, 386.436
1694,2025-05-22, 386.591
1695,2025-05-23, 386.750
1696,2025-05-24, 386.738
1697,2025-05-25, 386.626
1698,2025-05-26, 386.500
1699,2025-05-27, 386.661
1700,2025-05-28, 386.679
1701,2025-05-29, 386.731
1702,2025-05-30, 386.737
1703,2025-05-31, 386.728
1704,2025-06-01, 386.638
1705,2025-06-02, 386.568
1706,2025-06-03, 386.546
1707,2025-06-04, 386.636
1708,2025-06-05, 386.736
1709,2025-06-06, 386.758
1710,2025-06-07, 386.872
1711,2025-06-08, 386.922
1712,2025-06-09, 386.987
1713,2025-06-10, 387.125
1714,2025-06-11, 387.260
1715,2025-06-12, 387.312
1716,2025-06-13, 387.419
1717,2025-06-14, 387.560
1718,2025-06-15, 387.693
1719,2025-06-16, 387.835
1720,2025-06-17, 387.941
1721,2025-06-18, 387.888
1722,2025-06-19, 387.909
1723,2025-06-20, 387.940
1724,2025-06-21, 387.995
1725,2025-06-22, 387.843
1726,2025-06-23, 387.760
1727,2025-06-24, 387.764
1728,2025-06-25, 387.733
1729,2025-06-26, 387.754
1730,2025-06-27, 387.864
1731,2025-06-28, 387.885
1732,2025-06-29, 387.799
1733,2025-06-30, 387.849
1734,2025-07-01, 387.899
1735,2025-07-02, 387.669
1736,2025-07-03, 387.510
1737,2025-07-04, 387.513
1738,2025-07-05, 387.538
1739,2025-07-06, 387.498
1740,2025-07-07, 387.633
1741,2025-07-08, 387.766
1742,2025-07-09, 387.857
1743,2025-07-10, 387.923
1744,2025-07-11, 387.975
1745,2025-07-12, 388.047
1746,2025-07-13, 388.050
1747,2025-07-14, 388.193
1748,2025-07-15, 388.174
1749,2025-07-16, 388.220
1750,2025-07-17, 388.187
1751,2025-07-18, 388.231
1752,2025-07-19, 388.347
1753,2025-07-20, 388.335
1754,2025-07-21, 388.267
1755,2025-07-22, 388.353
1756,2025-07-23, 388.459
1757,2025-07-24, 388.516
1758,2025-07-25, 388.534
1759,2025-07-26, 388.545
1760,2025-07-27, 388.536
1761,2025-07-28, 388.651
1762,2025-07-29, 388.684
1763,2025-07-30, 388.692
1764,2025-07-31, 388.731
1765,2025-08-01, 388.910
1766,2025-08-02, 389.115
1767,2025-08-03, 389.267
1768,2025-08-04, 389.310
1769,2025-08-05, 389.632
1770,2025-08-06, 389.747
1771,2025-08-07, 389.840
1772,2025-08-08, 389.814
1773,2025-08-09, 389.871
1774,2025-08-10, 389.999
1775,2025-08-11, 389.979
1776,2025-08-12, 390.123
1777,2025-08-13, 390.241
1778,2025-08-14, 390.369
1779,2025-08-15, 390.593
1780,2025-08-16, 390.486
1781,2025-08-17, 390.419
1782,2025-08-18, 390.381
1783,2025-08-19, 390.621
1784,2025-08-20, 390.788
1785,2025-08-21, 390.706
1786,2025-08-22, 390.912
1787,2025-08-23, 390.989
1788,2025-08-24, 390.682
1789,2025-08-25, 390.589
1790,2025-08-26, 390.794
1791,2025-08-27, 390.583
1792,2025-08-28, 390.362
1793,2025-08-29, 390.390
1794,2025-08-30, 390.458
1795,2025-08-31, 390.636
1796,2025-09-01, 390.525
1797,2025-09-02, 390.720
1798,2025-09-03, 390.925
1799,2025-09-04, 390.902
1800,2025-09-05, 390.945
1801,2025-09-06, 390.964
1802,2025-09-07, 390.988
1803,2025-09-08, 461.379
1804,2025-09-09, 461.473
1805,2025-09-10, 461.693
